,vSymbols
1,AA
2,AAAU
3,AACG
4,AADR
5,AAL
6,AAMC
7,AAME
8,AAN
9,AAOI
10,AAON
11,AAP
12,AAPL
13,AAT
14,AAU
15,AAWW
16,AAXJ
17,AAXN
18,AB
19,ABB
20,ABBV
21,ABC
22,ABCB
23,ABEO
24,ABEQ
25,ABEV
26,ABG
27,ABIO
28,ABM
29,ABMD
30,ABR
31,ABR$A
32,ABR$B
33,ABR$C
34,ABT
35,ABTX
36,ABUS
37,AC
38,ACA
39,ACAD
40,ACAM
41,ACAMU
42,ACAMW
43,ACB
44,ACBI
45,ACC
46,ACCO
47,ACEL
48,ACEL.W
49,ACER
50,ACES
51,ACGL
52,ACGLO
53,ACGLP
54,ACH
55,ACHC
56,ACHV
57,ACIA
58,ACIO
59,ACIU
60,ACIW
61,ACLS
62,ACM
63,ACMR
64,ACN
65,ACNB
66,ACOR
67,ACP
68,ACRE
69,ACRS
70,ACRX
71,ACSG
72,ACSI
73,ACST
74,ACT
75,ACTG
76,ACTT
77,ACTTU
78,ACTTW
79,ACU
80,ACV
81,ACWF
82,ACWI
83,ACWV
84,ACWX
85,ACY
86,ADAP
87,ADBE
88,ADC
89,ADCT
90,ADES
91,ADI
92,ADIL
93,ADILW
94,ADM
95,ADMA
96,ADME
97,ADMP
98,ADMS
99,ADNT
100,ADP
101,ADPT
102,ADRE
103,ADRO
104,ADS
105,ADSK
106,ADSW
107,ADT
108,ADTN
109,ADUS
110,ADVM
111,ADX
112,ADXN
113,ADXS
114,AE
115,AEB
116,AEE
117,AEF
118,AEFC
119,AEG
120,AEGN
121,AEHR
122,AEIS
123,AEL
124,AEL$A
125,AEM
126,AEMD
127,AEO
128,AEP
129,AEP$B
130,AER
131,AERI
132,AES
133,AESE
134,AESR
135,AEY
136,AEYE
137,AEZS
138,AFB
139,AFC
140,AFG
141,AFGB
142,AFGC
143,AFGD
144,AFGH
145,AFH
146,AFI
147,AFIF
148,AFIN
149,AFINP
150,AFK
151,AFL
152,AFLG
153,AFMC
154,AFMD
155,AFSM
156,AFT
157,AFTY
158,AFYA
159,AG
160,AGBA
161,AGBAR
162,AGBAU
163,AGBAW
164,AGCO
165,AGD
166,AGE
167,AGEN
168,AGFS
169,AGFSW
170,AGG
171,AGGP
172,AGGY
173,AGI
174,AGIO
175,AGLE
176,AGM
177,AGM$A
178,AGM$C
179,AGM$D
180,AGM$E
181,AGM.A
182,AGMH
183,AGNC
184,AGNCM
185,AGNCN
186,AGNCO
187,AGNCP
188,AGO
189,AGO$B
190,AGO$E
191,AGO$F
192,AGQ
193,AGR
194,AGRO
195,AGRX
196,AGS
197,AGT
198,AGTC
199,AGX
200,AGYS
201,AGZ
202,AGZD
203,AHC
204,AHCO
205,AHH
206,AHH$A
207,AHL$C
208,AHL$D
209,AHL$E
210,AHPI
211,AHT
212,AHT$D
213,AHT$F
214,AHT$G
215,AHT$H
216,AHT$I
217,AI
218,AI$B
219,AI$C
220,AIA
221,AIC
222,AIEQ
223,AIF
224,AIG
225,AIG$A
226,AIG.W
227,AIH
228,AIHS
229,AIIQ
230,AIKI
231,AIM
232,AIMC
233,AIMT
234,AIN
235,AINC
236,AINV
237,AIO
238,AIQ
239,AIR
240,AIRG
241,AIRI
242,AIRR
243,AIRT
244,AIRTP
245,AIRTW
246,AIT
247,AIV
248,AIW
249,AIZ
250,AIZP
251,AJG
252,AJRD
253,AJX
254,AJXA
255,AKAM
256,AKBA
257,AKCA
258,AKER
259,AKO.A
260,AKO.B
261,AKR
262,AKRO
263,AKTS
264,AKTX
265,AL
266,AL$A
267,ALAC
268,ALACR
269,ALACU
270,ALACW
271,ALB
272,ALBO
273,ALC
274,ALCO
275,ALDX
276,ALE
277,ALEC
278,ALEX
279,ALFA
280,ALG
281,ALGN
282,ALGT
283,ALIM
284,ALIN$A
285,ALIN$B
286,ALIN$E
287,ALJJ
288,ALK
289,ALKS
290,ALL
291,ALL$B
292,ALL$G
293,ALL$H
294,ALL$I
295,ALLE
296,ALLK
297,ALLO
298,ALLT
299,ALLY
300,ALLY$A
301,ALNA
302,ALNY
303,ALO
304,ALOT
305,ALP$Q
306,ALPN
307,ALRM
308,ALRN
309,ALRS
310,ALSK
311,ALSN
312,ALT
313,ALTG
314,ALTG.W
315,ALTM
316,ALTR
317,ALTS
318,ALTY
319,ALUS
320,ALUS.U
321,ALUS.W
322,ALV
323,ALX
324,ALXN
325,ALYA
326,AM
327,AMAG
328,AMAL
329,AMAT
330,AMBA
331,AMBC
332,AMBC.W
333,AMBO
334,AMC
335,AMCA
336,AMCI
337,AMCIU
338,AMCIW
339,AMCR
340,AMCX
341,AMD
342,AME
343,AMED
344,AMEH
345,AMG
346,AMGN
347,AMH
348,AMH$D
349,AMH$E
350,AMH$F
351,AMH$G
352,AMH$H
353,AMHC
354,AMHCU
355,AMHCW
356,AMJ
357,AMK
358,AMKR
359,AMLP
360,AMN
361,AMNB
362,AMOM
363,AMOT
364,AMOV
365,AMP
366,AMPE
367,AMPH
368,AMPY
369,AMRB
370,AMRC
371,AMRH
372,AMRHW
373,AMRK
374,AMRN
375,AMRS
376,AMRX
377,AMS
378,AMSC
379,AMSF
380,AMSWA
381,AMT
382,AMTB
383,AMTBB
384,AMTD
385,AMTI
386,AMTX
387,AMU
388,AMUB
389,AMWD
390,AMX
391,AMZA
392,AMZN
393,AN
394,ANAB
395,ANAT
396,ANCN
397,ANDA
398,ANDAR
399,ANDAU
400,ANDAW
401,ANDE
402,ANET
403,ANF
404,ANGI
405,ANGL
406,ANGO
407,ANH
408,ANH$A
409,ANH$B
410,ANH$C
411,ANIK
412,ANIP
413,ANIX
414,ANPC
415,ANSS
416,ANTE
417,ANTM
418,ANVS
419,ANY
420,AOA
421,AOD
422,AOK
423,AOM
424,AON
425,AOR
426,AOS
427,AOSL
428,AP
429,APA
430,APAM
431,APD
432,APDN
433,APEI
434,APEN
435,APEX
436,APG
437,APH
438,APHA
439,APLE
440,APLS
441,APLT
442,APM
443,APO
444,APO$A
445,APO$B
446,APOG
447,APOP
448,APOPW
449,APPF
450,APPN
451,APPS
452,APRE
453,APRN
454,APT
455,APTO
456,APTS
457,APTV
458,APTV$A
459,APTX
460,APVO
461,APWC
462,APXT
463,APXTU
464,APXTW
465,APYX
466,AQB
467,AQMS
468,AQN
469,AQNA
470,AQNB
471,AQST
472,AQUA
473,AR
474,ARA
475,ARAV
476,ARAY
477,ARB
478,ARC
479,ARCB
480,ARCC
481,ARCE
482,ARCH
483,ARCM
484,ARCO
485,ARCT
486,ARD
487,ARDC
488,ARDS
489,ARDX
490,ARE
491,AREC
492,ARES
493,ARES$A
494,ARGD
495,ARGO
496,ARGT
497,ARGX
498,ARI
499,ARKF
500,ARKG
501,ARKK
502,ARKQ
503,ARKR
504,ARKW
505,ARL
506,ARLO
507,ARLP
508,ARMK
509,ARMP
510,ARMR
511,ARNA
512,ARNC
513,AROC
514,AROW
515,ARPO
516,ARQT
517,ARR
518,ARR$C
519,ARTL
520,ARTLW
521,ARTNA
522,ARTW
523,ARVN
524,ARW
525,ARWR
526,ARYA
527,ARYAU
528,ARYAW
529,ARYBU
530,ASA
531,ASB
532,ASB$C
533,ASB$D
534,ASB$E
535,ASB$F
536,ASC
537,ASEA
538,ASET
539,ASFI
540,ASG
541,ASGN
542,ASH
543,ASHR
544,ASHS
545,ASHX
546,ASIX
547,ASLN
548,ASM
549,ASMB
550,ASML
551,ASNA
552,ASND
553,ASPN
554,ASPS
555,ASPU
556,ASR
557,ASRT
558,ASRV
559,ASRVP
560,ASTC
561,ASTE
562,ASUR
563,ASX
564,ASYS
565,AT
566,ATAX
567,ATCO
568,ATCO$D
569,ATCO$E
570,ATCO$G
571,ATCO$H
572,ATCO$I
573,ATCX
574,ATCXW
575,ATEC
576,ATEN
577,ATEST
578,ATEST.A
579,ATEST.B
580,ATEST.C
581,ATEX
582,ATGE
583,ATH
584,ATH$A
585,ATH$B
586,ATH$C
587,ATHE
588,ATHM
589,ATHX
590,ATI
591,ATIF
592,ATKR
593,ATLC
594,ATLO
595,ATMP
596,ATNI
597,ATNM
598,ATNX
599,ATO
600,ATOM
601,ATOS
602,ATR
603,ATRA
604,ATRC
605,ATRI
606,ATRO
607,ATRS
608,ATSG
609,ATTO
610,ATUS
611,ATV
612,ATVI
613,ATXI
614,AU
615,AUB
616,AUBAP
617,AUBN
618,AUDC
619,AUG
620,AUMN
621,AUPH
622,AUSF
623,AUTL
624,AUTO
625,AUY
626,AVA
627,AVAL
628,AVAV
629,AVB
630,AVCO
631,AVCT
632,AVCTW
633,AVD
634,AVDE
635,AVDL
636,AVDV
637,AVEM
638,AVEO
639,AVGO
640,AVGOP
641,AVGR
642,AVID
643,AVK
644,AVLR
645,AVNS
646,AVNW
647,AVRO
648,AVT
649,AVTR
650,AVTR$A
651,AVUS
652,AVUV
653,AVXL
654,AVY
655,AVYA
656,AWAY
657,AWF
658,AWH
659,AWI
660,AWK
661,AWP
662,AWR
663,AWRE
664,AWTM
665,AWX
666,AX
667,AXAS
668,AXDX
669,AXE
670,AXGN
671,AXGT
672,AXL
673,AXLA
674,AXNX
675,AXO
676,AXP
677,AXR
678,AXS
679,AXS$E
680,AXSM
681,AXTA
682,AXTI
683,AXU
684,AY
685,AYI
686,AYLA
687,AYRO
688,AYTU
689,AYX
690,AZAA
691,AZBA
692,AZEK
693,AZN
694,AZO
695,AZPN
696,AZRE
697,AZRX
698,AZUL
699,AZZ
700,B
701,BA
702,BAB
703,BABA
704,BAC
705,BAC$A
706,BAC$B
707,BAC$C
708,BAC$E
709,BAC$K
710,BAC$L
711,BAC$M
712,BAC$N
713,BAF
714,BAH
715,BAK
716,BAL
717,BAM
718,BANC
719,BANC$D
720,BANC$E
721,BAND
722,BANF
723,BANFP
724,BANR
725,BANX
726,BAP
727,BAPR
728,BAR
729,BASI
730,BATL
731,BATRA
732,BATRK
733,BATT
734,BAUG
735,BAX
736,BB
737,BBAR
738,BBAX
739,BBBY
740,BBC
741,BBCA
742,BBCP
743,BBD
744,BBDC
745,BBDO
746,BBEU
747,BBF
748,BBGI
749,BBH
750,BBI
751,BBIN
752,BBIO
753,BBJP
754,BBK
755,BBL
756,BBMC
757,BBN
758,BBP
759,BBQ
760,BBRE
761,BBSA
762,BBSI
763,BBU
764,BBUS
765,BBVA
766,BBW
767,BBX
768,BBY
769,BC
770,BC$A
771,BC$B
772,BC$C
773,BCBP
774,BCC
775,BCD
776,BCDA
777,BCDAW
778,BCE
779,BCEI
780,BCEL
781,BCH
782,BCI
783,BCLI
784,BCM
785,BCML
786,BCO
787,BCOM
788,BCOR
789,BCOV
790,BCOW
791,BCPC
792,BCRX
793,BCS
794,BCSF
795,BCTF
796,BCV
797,BCV$A
798,BCX
799,BCYC
800,BDC
801,BDCS
802,BDCX
803,BDCY
804,BDCZ
805,BDEC
806,BDGE
807,BDJ
808,BDL
809,BDN
810,BDR
811,BDRY
812,BDSI
813,BDTX
814,BDX
815,BDXB
816,BE
817,BEAM
818,BEAT
819,BECN
820,BEDU
821,BELFA
822,BELFB
823,BEN
824,BEP
825,BEP$A
826,BERY
827,BEST
828,BETZ
829,BF.A
830,BF.B
831,BFAM
832,BFC
833,BFEB
834,BFIN
835,BFIT
836,BFK
837,BFO
838,BFOR
839,BFRA
840,BFS
841,BFS$D
842,BFS$E
843,BFST
844,BFY
845,BFYT
846,BFZ
847,BG
848,BGB
849,BGCP
850,BGFV
851,BGG
852,BGH
853,BGI
854,BGIO
855,BGNE
856,BGR
857,BGRN
858,BGS
859,BGSF
860,BGT
861,BGX
862,BGY
863,BH
864,BH.A
865,BHAT
866,BHB
867,BHC
868,BHE
869,BHF
870,BHFAL
871,BHFAO
872,BHFAP
873,BHK
874,BHLB
875,BHP
876,BHR
877,BHR$B
878,BHR$D
879,BHTG
880,BHV
881,BHVN
882,BIB
883,BIBL
884,BICK
885,BIDU
886,BIF
887,BIG
888,BIIB
889,BIL
890,BILI
891,BILL
892,BIMI
893,BIO
894,BIO.B
895,BIOC
896,BIOL
897,BIOX
898,BIOX.W
899,BIP
900,BIPC
901,BIS
902,BIT
903,BITA
904,BIV
905,BIZD
906,BJ
907,BJAN
908,BJK
909,BJRI
910,BJUL
911,BJUN
912,BK
913,BK$C
914,BKAG
915,BKCC
916,BKD
917,BKE
918,BKEM
919,BKEP
920,BKEPP
921,BKF
922,BKH
923,BKHY
924,BKI
925,BKIE
926,BKK
927,BKLC
928,BKLN
929,BKMC
930,BKN
931,BKNG
932,BKR
933,BKSB
934,BKSC
935,BKSE
936,BKT
937,BKTI
938,BKU
939,BKYI
940,BL
941,BLBD
942,BLCM
943,BLCN
944,BLD
945,BLDP
946,BLDR
947,BLE
948,BLES
949,BLFS
950,BLHY
951,BLIN
952,BLK
953,BLKB
954,BLL
955,BLMN
956,BLNK
957,BLNKW
958,BLOK
959,BLPH
960,BLRX
961,BLU
962,BLUE
963,BLV
964,BLW
965,BLX
966,BMA
967,BMAR
968,BMAY
969,BMCH
970,BME
971,BMEZ
972,BMI
973,BML$G
974,BML$H
975,BML$J
976,BML$L
977,BMLP
978,BMO
979,BMRA
980,BMRC
981,BMRG
982,BMRG.U
983,BMRG.W
984,BMRN
985,BMTC
986,BMY
987,BMY.R
988,BND
989,BNDC
990,BNDW
991,BNDX
992,BNED
993,BNFT
994,BNGO
995,BNGOW
996,BNKD
997,BNKO
998,BNKU
999,BNKZ
1000,BNO
1001,BNOV
1002,BNR
1003,BNS
1004,BNSO
1005,BNTC
1006,BNTX
1007,BNY
1008,BOCH
1009,BOCT
1010,BOE
1011,BOH
1012,BOIL
1013,BOKF
1014,BOKFL
1015,BOMN
1016,BOND
1017,BOOM
1018,BOOT
1019,BORR
1020,BOSC
1021,BOSS
1022,BOTJ
1023,BOTZ
1024,BOUT
1025,BOX
1026,BOXL
1027,BP
1028,BPFH
1029,BPMC
1030,BPMP
1031,BPOP
1032,BPOPM
1033,BPOPN
1034,BPRN
1035,BPT
1036,BPTH
1037,BPY
1038,BPYPN
1039,BPYPO
1040,BPYPP
1041,BPYU
1042,BPYUP
1043,BQH
1044,BR
1045,BRBR
1046,BRBS
1047,BRC
1048,BREW
1049,BRF
1050,BRFS
1051,BRG
1052,BRG$A
1053,BRG$C
1054,BRG$D
1055,BRID
1056,BRK.A
1057,BRK.B
1058,BRKL
1059,BRKR
1060,BRKS
1061,BRMK
1062,BRMK.W
1063,BRN
1064,BRO
1065,BROG
1066,BROGW
1067,BRP
1068,BRPA
1069,BRPAR
1070,BRPAU
1071,BRPAW
1072,BRQS
1073,BRT
1074,BRX
1075,BRY
1076,BRZU
1077,BSA
1078,BSAC
1079,BSAE
1080,BSBE
1081,BSBK
1082,BSBR
1083,BSCE
1084,BSCK
1085,BSCL
1086,BSCM
1087,BSCN
1088,BSCO
1089,BSCP
1090,BSCQ
1091,BSCR
1092,BSCS
1093,BSCT
1094,BSD
1095,BSDE
1096,BSE
1097,BSEP
1098,BSET
1099,BSGM
1100,BSIG
1101,BSJK
1102,BSJL
1103,BSJM
1104,BSJN
1105,BSJO
1106,BSJP
1107,BSJQ
1108,BSJR
1109,BSL
1110,BSM
1111,BSML
1112,BSMM
1113,BSMN
1114,BSMO
1115,BSMP
1116,BSMQ
1117,BSMR
1118,BSMS
1119,BSMT
1120,BSMX
1121,BSQR
1122,BSRR
1123,BST
1124,BSTC
1125,BSTZ
1126,BSV
1127,BSVN
1128,BSX
1129,BSX$A
1130,BTA
1131,BTAI
1132,BTAL
1133,BTE
1134,BTEC
1135,BTG
1136,BTI
1137,BTN
1138,BTO
1139,BTT
1140,BTU
1141,BTYS
1142,BTZ
1143,BUD
1144,BUG
1145,BUI
1146,BUL
1147,BURL
1148,BUSE
1149,BUY
1150,BUYZ
1151,BV
1152,BVAL
1153,BVN
1154,BVXV
1155,BW
1156,BWA
1157,BWAY
1158,BWB
1159,BWEN
1160,BWFG
1161,BWG
1162,BWL.A
1163,BWMX
1164,BWX
1165,BWXT
1166,BWZ
1167,BX
1168,BXC
1169,BXG
1170,BXMT
1171,BXMX
1172,BXP
1173,BXP$B
1174,BXRX
1175,BXS
1176,BXS$A
1177,BY
1178,BYD
1179,BYFC
1180,BYLD
1181,BYM
1182,BYND
1183,BYSI
1184,BZH
1185,BZM
1186,BZQ
1187,BZUN
1188,C
1189,C$J
1190,C$K
1191,C$N
1192,C$S
1193,CAAP
1194,CAAS
1195,CABA
1196,CABO
1197,CAC
1198,CACC
1199,CACG
1200,CACI
1201,CADE
1202,CAE
1203,CAF
1204,CAG
1205,CAH
1206,CAI
1207,CAI$A
1208,CAI$B
1209,CAJ
1210,CAKE
1211,CAL
1212,CALA
1213,CALB
1214,CALF
1215,CALM
1216,CALT
1217,CALX
1218,CAMP
1219,CAMT
1220,CAN
1221,CANE
1222,CANF
1223,CANG
1224,CAPE
1225,CAPL
1226,CAPR
1227,CAR
1228,CARA
1229,CARE
1230,CARG
1231,CARR
1232,CARS
1233,CARV
1234,CARZ
1235,CASA
1236,CASH
1237,CASI
1238,CASS
1239,CASY
1240,CAT
1241,CATB
1242,CATC
1243,CATH
1244,CATM
1245,CATO
1246,CATS
1247,CATY
1248,CB
1249,CBAN
1250,CBAT
1251,CBAY
1252,CBB
1253,CBB$B
1254,CBD
1255,CBFV
1256,CBH
1257,CBIO
1258,CBL
1259,CBL$D
1260,CBL$E
1261,CBLI
1262,CBMB
1263,CBMG
1264,CBNK
1265,CBO
1266,CBOE
1267,CBON
1268,CBPO
1269,CBRE
1270,CBRL
1271,CBSH
1272,CBSHP
1273,CBT
1274,CBTX
1275,CBU
1276,CBX
1277,CBZ
1278,CC
1279,CCAC
1280,CCAC.U
1281,CCAC.W
1282,CCAP
1283,CCB
1284,CCBG
1285,CCC
1286,CCCL
1287,CCD
1288,CCEP
1289,CCF
1290,CCH
1291,CCH.U
1292,CCH.W
1293,CCI
1294,CCI$A
1295,CCJ
1296,CCK
1297,CCL
1298,CCLP
1299,CCM
1300,CCMP
1301,CCNC
1302,CCNE
1303,CCO
1304,CCOI
1305,CCOR
1306,CCR
1307,CCRC
1308,CCRN
1309,CCS
1310,CCU
1311,CCX
1312,CCX.U
1313,CCX.W
1314,CCXI
1315,CCXX
1316,CCXX.U
1317,CCXX.W
1318,CCZ
1319,CDAY
1320,CDC
1321,CDE
1322,CDEV
1323,CDK
1324,CDL
1325,CDLX
1326,CDMO
1327,CDMOP
1328,CDNA
1329,CDNS
1330,CDOR
1331,CDR
1332,CDR$B
1333,CDR$C
1334,CDTX
1335,CDW
1336,CDXC
1337,CDXS
1338,CDZI
1339,CE
1340,CEA
1341,CECE
1342,CEE
1343,CEF
1344,CEFD
1345,CEFS
1346,CEI
1347,CEIX
1348,CEL
1349,CELC
1350,CELG.R
1351,CELH
1352,CELP
1353,CEM
1354,CEMB
1355,CEMI
1356,CEN
1357,CENT
1358,CENTA
1359,CENX
1360,CEO
1361,CEPU
1362,CEQP
1363,CEQP$
1364,CERC
1365,CERN
1366,CERS
1367,CET
1368,CETV
1369,CETX
1370,CETXP
1371,CETXW
1372,CEV
1373,CEVA
1374,CEW
1375,CEY
1376,CEZ
1377,CF
1378,CFA
1379,CFB
1380,CFBI
1381,CFBK
1382,CFCV
1383,CFFA
1384,CFFAU
1385,CFFAW
1386,CFFI
1387,CFFN
1388,CFG
1389,CFG$D
1390,CFG$E
1391,CFMS
1392,CFO
1393,CFR
1394,CFRX
1395,CFX
1396,CFXA
1397,CG
1398,CGA
1399,CGBD
1400,CGC
1401,CGEN
1402,CGIX
1403,CGNX
1404,CGO
1405,CGROU
1406,CGW
1407,CHA
1408,CHAD
1409,CHAP
1410,CHAQ
1411,CHAQ.U
1412,CHAQ.W
1413,CHAU
1414,CHCI
1415,CHCO
1416,CHCT
1417,CHD
1418,CHDN
1419,CHE
1420,CHEF
1421,CHEK
1422,CHEKZ
1423,CHEP
1424,CHFS
1425,CHGG
1426,CHGX
1427,CHH
1428,CHI
1429,CHIC
1430,CHIE
1431,CHIH
1432,CHII
1433,CHIK
1434,CHIL
1435,CHIM
1436,CHIQ
1437,CHIR
1438,CHIS
1439,CHIU
1440,CHIX
1441,CHK
1442,CHK$D
1443,CHKP
1444,CHL
1445,CHMA
1446,CHMG
1447,CHMI
1448,CHMI$A
1449,CHMI$B
1450,CHN
1451,CHNA
1452,CHNG
1453,CHNGU
1454,CHNR
1455,CHPM
1456,CHPMU
1457,CHPMW
1458,CHRA
1459,CHRS
1460,CHRW
1461,CHS
1462,CHSCL
1463,CHSCM
1464,CHSCN
1465,CHSCO
1466,CHSCP
1467,CHT
1468,CHTR
1469,CHU
1470,CHUY
1471,CHW
1472,CHWY
1473,CHX
1474,CHY
1475,CI
1476,CIA
1477,CIB
1478,CIBR
1479,CID
1480,CIDM
1481,CIEN
1482,CIF
1483,CIG
1484,CIG.C
1485,CIGI
1486,CIH
1487,CII
1488,CIIC
1489,CIICU
1490,CIICW
1491,CIK
1492,CIL
1493,CIM
1494,CIM$A
1495,CIM$B
1496,CIM$C
1497,CIM$D
1498,CINF
1499,CINR
1500,CIO
1501,CIO$A
1502,CIR
1503,CIT
1504,CIT$B
1505,CIVB
1506,CIX
1507,CIZ
1508,CIZN
1509,CJJD
1510,CKH
1511,CKPT
1512,CKX
1513,CL
1514,CLAR
1515,CLB
1516,CLBK
1517,CLBS
1518,CLCT
1519,CLDB
1520,CLDR
1521,CLDT
1522,CLDX
1523,CLEU
1524,CLF
1525,CLFD
1526,CLGN
1527,CLGX
1528,CLH
1529,CLI
1530,CLIR
1531,CLIX
1532,CLLS
1533,CLM
1534,CLMT
1535,CLNC
1536,CLNE
1537,CLNY
1538,CLNY$G
1539,CLNY$H
1540,CLNY$I
1541,CLNY$J
1542,CLOU
1543,CLPR
1544,CLPS
1545,CLPT
1546,CLR
1547,CLRB
1548,CLRBZ
1549,CLRG
1550,CLRO
1551,CLS
1552,CLSD
1553,CLSK
1554,CLSN
1555,CLTL
1556,CLUB
1557,CLVS
1558,CLW
1559,CLWT
1560,CLX
1561,CLXT
1562,CM
1563,CMA
1564,CMBM
1565,CMBS
1566,CMC
1567,CMCL
1568,CMCM
1569,CMCO
1570,CMCSA
1571,CMCT
1572,CMCTP
1573,CMD
1574,CMDY
1575,CME
1576,CMF
1577,CMFNL
1578,CMG
1579,CMI
1580,CMLS
1581,CMO
1582,CMO$E
1583,CMP
1584,CMPR
1585,CMRE
1586,CMRE$B
1587,CMRE$C
1588,CMRE$D
1589,CMRE$E
1590,CMRX
1591,CMS
1592,CMS$B
1593,CMSA
1594,CMSC
1595,CMSD
1596,CMT
1597,CMTL
1598,CMU
1599,CN
1600,CNA
1601,CNBKA
1602,CNBS
1603,CNC
1604,CNCE
1605,CNCR
1606,CNDT
1607,CNET
1608,CNF
1609,CNFR
1610,CNFRL
1611,CNHI
1612,CNI
1613,CNK
1614,CNMD
1615,CNNB
1616,CNNE
1617,CNO
1618,CNOB
1619,CNP
1620,CNP$B
1621,CNQ
1622,CNR
1623,CNRG
1624,CNS
1625,CNSL
1626,CNSP
1627,CNST
1628,CNTG
1629,CNTY
1630,CNX
1631,CNXM
1632,CNXN
1633,CNXT
1634,CNYA
1635,CO
1636,COCP
1637,CODA
1638,CODI
1639,CODI$A
1640,CODI$B
1641,CODI$C
1642,CODX
1643,COE
1644,COF
1645,COF$F
1646,COF$G
1647,COF$H
1648,COF$I
1649,COF$J
1650,COFS
1651,COG
1652,COHN
1653,COHR
1654,COHU
1655,COKE
1656,COLB
1657,COLD
1658,COLL
1659,COLM
1660,COM
1661,COMB
1662,COMM
1663,COMT
1664,CONE
1665,CONN
1666,COO
1667,COOP
1668,COP
1669,COPX
1670,COR
1671,CORE
1672,CORN
1673,CORP
1674,CORR
1675,CORR$A
1676,CORT
1677,COST
1678,COTY
1679,COUP
1680,COW
1681,COWN
1682,COWNL
1683,COWNZ
1684,COWZ
1685,CP
1686,CPA
1687,CPAA
1688,CPAAU
1689,CPAAW
1690,CPAC
1691,CPAH
1692,CPB
1693,CPE
1694,CPER
1695,CPF
1696,CPG
1697,CPHC
1698,CPHI
1699,CPI
1700,CPIX
1701,CPK
1702,CPLG
1703,CPLP
1704,CPRI
1705,CPRT
1706,CPRX
1707,CPS
1708,CPSH
1709,CPSI
1710,CPSS
1711,CPST
1712,CPT
1713,CPTA
1714,CPTAG
1715,CPTAL
1716,CPZ
1717,CQP
1718,CQQQ
1719,CR
1720,CRAI
1721,CRAK
1722,CRBN
1723,CRBP
1724,CRC
1725,CRD.A
1726,CRD.B
1727,CRDF
1728,CREE
1729,CREG
1730,CRESY
1731,CREX
1732,CREXW
1733,CRF
1734,CRH
1735,CRHM
1736,CRI
1737,CRIS
1738,CRK
1739,CRL
1740,CRM
1741,CRMD
1742,CRMT
1743,CRNC
1744,CRNT
1745,CRNX
1746,CROC
1747,CRON
1748,CROP
1749,CROX
1750,CRS
1751,CRSA
1752,CRSAU
1753,CRSAW
1754,CRSP
1755,CRT
1756,CRTO
1757,CRTX
1758,CRUS
1759,CRVL
1760,CRVS
1761,CRWD
1762,CRWS
1763,CRY
1764,CS
1765,CSA
1766,CSB
1767,CSBR
1768,CSCO
1769,CSD
1770,CSF
1771,CSGP
1772,CSGS
1773,CSII
1774,CSIQ
1775,CSL
1776,CSLT
1777,CSM
1778,CSML
1779,CSOD
1780,CSPI
1781,CSPR
1782,CSQ
1783,CSSE
1784,CSSEP
1785,CSTE
1786,CSTL
1787,CSTM
1788,CSTR
1789,CSU
1790,CSV
1791,CSWC
1792,CSWCL
1793,CSWI
1794,CSX
1795,CTA$A
1796,CTA$B
1797,CTAA
1798,CTAS
1799,CTB
1800,CTBB
1801,CTBI
1802,CTDD
1803,CTEK
1804,CTEST
1805,CTEST.E
1806,CTEST.G
1807,CTEST.L
1808,CTEST.O
1809,CTEST.S
1810,CTEST.V
1811,CTG
1812,CTHR
1813,CTIB
1814,CTIC
1815,CTK
1816,CTL
1817,CTLT
1818,CTMX
1819,CTO
1820,CTR
1821,CTRA
1822,CTRE
1823,CTRM
1824,CTRN
1825,CTS
1826,CTSH
1827,CTSO
1828,CTT
1829,CTV
1830,CTVA
1831,CTXR
1832,CTXRW
1833,CTXS
1834,CTY
1835,CTZ
1836,CUB
1837,CUBA
1838,CUBB
1839,CUBE
1840,CUBI
1841,CUBI$C
1842,CUBI$D
1843,CUBI$E
1844,CUBI$F
1845,CUE
1846,CUK
1847,CULP
1848,CURE
1849,CURO
1850,CUT
1851,CUTR
1852,CUZ
1853,CVA
1854,CVBF
1855,CVCO
1856,CVCY
1857,CVE
1858,CVEO
1859,CVET
1860,CVGI
1861,CVGW
1862,CVI
1863,CVIA
1864,CVLT
1865,CVLY
1866,CVM
1867,CVNA
1868,CVR
1869,CVS
1870,CVTI
1871,CVU
1872,CVV
1873,CVX
1874,CVY
1875,CW
1876,CWB
1877,CWBC
1878,CWBR
1879,CWCO
1880,CWEB
1881,CWEN
1882,CWEN.A
1883,CWH
1884,CWI
1885,CWK
1886,CWS
1887,CWST
1888,CWT
1889,CX
1890,CXDC
1891,CXE
1892,CXH
1893,CXO
1894,CXP
1895,CXSE
1896,CXW
1897,CYAD
1898,CYAN
1899,CYB
1900,CYBE
1901,CYBR
1902,CYCC
1903,CYCCP
1904,CYCN
1905,CYD
1906,CYH
1907,CYRN
1908,CYRX
1909,CYRXW
1910,CYTK
1911,CZA
1912,CZNC
1913,CZR
1914,CZWI
1915,CZZ
1916,D
1917,DAC
1918,DADA
1919,DAIO
1920,DAKT
1921,DAL
1922,DALI
1923,DALT
1924,DAN
1925,DAO
1926,DAR
1927,DARE
1928,DAUD
1929,DAUG
1930,DAVA
1931,DAX
1932,DB
1933,DBA
1934,DBAW
1935,DBB
1936,DBC
1937,DBCP
1938,DBD
1939,DBE
1940,DBEF
1941,DBEH
1942,DBEM
1943,DBEU
1944,DBEZ
1945,DBGR
1946,DBI
1947,DBJP
1948,DBL
1949,DBLV
1950,DBMF
1951,DBO
1952,DBP
1953,DBS
1954,DBV
1955,DBVT
1956,DBX
1957,DCF
1958,DCHF
1959,DCI
1960,DCO
1961,DCOM
1962,DCOMP
1963,DCP
1964,DCP$B
1965,DCP$C
1966,DCPH
1967,DCTH
1968,DCUE
1969,DD
1970,DDD
1971,DDF
1972,DDG
1973,DDIV
1974,DDLS
1975,DDM
1976,DDOG
1977,DDS
1978,DDT
1979,DDWM
1980,DE
1981,DEA
1982,DECK
1983,DEED
1984,DEEF
1985,DEF
1986,DEFA
1987,DEI
1988,DELL
1989,DEM
1990,DENN
1991,DEO
1992,DES
1993,DESP
1994,DEUR
1995,DEUS
1996,DEW
1997,DEX
1998,DFE
1999,DFEB
2000,DFEN
2001,DFFN
2002,DFIN
2003,DFJ
2004,DFND
2005,DFNL
2006,DFNS
2007,DFNS.U
2008,DFNS.W
2009,DFP
2010,DFPH
2011,DFPHU
2012,DFPHW
2013,DFS
2014,DFVL
2015,DFVS
2016,DG
2017,DGAZ
2018,DGBP
2019,DGICA
2020,DGICB
2021,DGII
2022,DGL
2023,DGLD
2024,DGLY
2025,DGP
2026,DGRE
2027,DGRO
2028,DGRS
2029,DGRW
2030,DGS
2031,DGT
2032,DGX
2033,DGZ
2034,DHC
2035,DHCNI
2036,DHCNL
2037,DHF
2038,DHI
2039,DHIL
2040,DHR
2041,DHR$A
2042,DHR$B
2043,DHS
2044,DHT
2045,DHX
2046,DHY
2047,DIA
2048,DIAL
2049,DIAX
2050,DIG
2051,DIM
2052,DIN
2053,DINT
2054,DIOD
2055,DIS
2056,DISCA
2057,DISCB
2058,DISCK
2059,DISH
2060,DIT
2061,DIV
2062,DIVA
2063,DIVB
2064,DIVC
2065,DIVO
2066,DIVY
2067,DJCB
2068,DJCI
2069,DJCO
2070,DJD
2071,DJP
2072,DJPY
2073,DK
2074,DKL
2075,DKNG
2076,DKNGW
2077,DKS
2078,DL
2079,DLA
2080,DLB
2081,DLHC
2082,DLN
2083,DLNG
2084,DLNG$A
2085,DLNG$B
2086,DLPH
2087,DLPN
2088,DLPNW
2089,DLR
2090,DLR$C
2091,DLR$G
2092,DLR$I
2093,DLR$J
2094,DLR$K
2095,DLR$L
2096,DLS
2097,DLTH
2098,DLTR
2099,DLX
2100,DLY
2101,DMAC
2102,DMAY
2103,DMB
2104,DMDV
2105,DMF
2106,DMLP
2107,DMO
2108,DMPI
2109,DMRC
2110,DMRE
2111,DMRI
2112,DMRL
2113,DMRM
2114,DMRS
2115,DMTK
2116,DMXF
2117,DMYT
2118,DMYT.U
2119,DMYT.W
2120,DNI
2121,DNJR
2122,DNK
2123,DNKN
2124,DNL
2125,DNLI
2126,DNN
2127,DNOV
2128,DNOW
2129,DNP
2130,DNR
2131,DOC
2132,DOCU
2133,DOG
2134,DOGZ
2135,DOL
2136,DOMO
2137,DON
2138,DOO
2139,DOOO
2140,DOOR
2141,DORM
2142,DOV
2143,DOW
2144,DOX
2145,DOYU
2146,DPG
2147,DPHC
2148,DPHCU
2149,DPHCW
2150,DPST
2151,DPW
2152,DPZ
2153,DQ
2154,DRAD
2155,DRADP
2156,DRD
2157,DRE
2158,DRH
2159,DRI
2160,DRIO
2161,DRIOW
2162,DRIP
2163,DRIV
2164,DRN
2165,DRNA
2166,DRQ
2167,DRRX
2168,DRSK
2169,DRTT
2170,DRUA
2171,DRV
2172,DRW
2173,DS
2174,DS$B
2175,DS$C
2176,DS$D
2177,DSE
2178,DSGX
2179,DSI
2180,DSKE
2181,DSKEW
2182,DSL
2183,DSLV
2184,DSM
2185,DSPG
2186,DSS
2187,DSSI
2188,DSTL
2189,DSU
2190,DSWL
2191,DSX
2192,DSX$B
2193,DT
2194,DTD
2195,DTE
2196,DTEA
2197,DTEC
2198,DTF
2199,DTH
2200,DTIL
2201,DTJ
2202,DTLA$
2203,DTN
2204,DTP
2205,DTQ
2206,DTSS
2207,DTUL
2208,DTUS
2209,DTW
2210,DTY
2211,DTYL
2212,DUC
2213,DUG
2214,DUK
2215,DUK$A
2216,DUKB
2217,DUKH
2218,DUO
2219,DUOT
2220,DURA
2221,DUSA
2222,DUSL
2223,DUST
2224,DVA
2225,DVAX
2226,DVD
2227,DVLU
2228,DVN
2229,DVOL
2230,DVP
2231,DVY
2232,DVYA
2233,DVYE
2234,DWAS
2235,DWAT
2236,DWAW
2237,DWCR
2238,DWEQ
2239,DWFI
2240,DWLD
2241,DWM
2242,DWMC
2243,DWMF
2244,DWPP
2245,DWSH
2246,DWSN
2247,DWUS
2248,DWX
2249,DX
2250,DX$B
2251,DX$C
2252,DXC
2253,DXCM
2254,DXD
2255,DXF
2256,DXGE
2257,DXJ
2258,DXJS
2259,DXLG
2260,DXPE
2261,DXR
2262,DXYN
2263,DY
2264,DYAI
2265,DYHG
2266,DYNF
2267,DYNT
2268,DZK
2269,DZSI
2270,DZZ
2271,E
2272,EA
2273,EAB
2274,EAD
2275,EAE
2276,EAF
2277,EAGG
2278,EAI
2279,EAOA
2280,EAOK
2281,EAOM
2282,EAOR
2283,EARN
2284,EARS
2285,EASG
2286,EASI
2287,EAST
2288,EAT
2289,EB
2290,EBAY
2291,EBAYL
2292,EBF
2293,EBIX
2294,EBIZ
2295,EBMT
2296,EBND
2297,EBR
2298,EBR.B
2299,EBS
2300,EBSB
2301,EBTC
2302,EC
2303,ECC
2304,ECCB
2305,ECCX
2306,ECCY
2307,ECF
2308,ECF$A
2309,ECH
2310,ECHO
2311,ECL
2312,ECLN
2313,ECNS
2314,ECOL
2315,ECOLW
2316,ECOM
2317,ECON
2318,ECOR
2319,ECOW
2320,ECOZ
2321,ECPG
2322,ECT
2323,ED
2324,EDAP
2325,EDC
2326,EDD
2327,EDEN
2328,EDF
2329,EDI
2330,EDIT
2331,EDIV
2332,EDN
2333,EDNT
2334,EDOG
2335,EDOW
2336,EDRY
2337,EDSA
2338,EDU
2339,EDUC
2340,EDV
2341,EDZ
2342,EE
2343,EEA
2344,EEFT
2345,EEH
2346,EELV
2347,EEM
2348,EEMA
2349,EEMD
2350,EEMO
2351,EEMS
2352,EEMV
2353,EEMX
2354,EES
2355,EET
2356,EEV
2357,EEX
2358,EFA
2359,EFAD
2360,EFAS
2361,EFAV
2362,EFAX
2363,EFC
2364,EFC$A
2365,EFF
2366,EFG
2367,EFL
2368,EFNL
2369,EFO
2370,EFOI
2371,EFR
2372,EFSC
2373,EFT
2374,EFU
2375,EFV
2376,EFX
2377,EFZ
2378,EGAN
2379,EGBN
2380,EGF
2381,EGHT
2382,EGIF
2383,EGLE
2384,EGO
2385,EGOV
2386,EGP
2387,EGPT
2388,EGRX
2389,EGY
2390,EH
2391,EHC
2392,EHI
2393,EHT
2394,EHTH
2395,EIC
2396,EIDO
2397,EIDX
2398,EIG
2399,EIGI
2400,EIGR
2401,EIM
2402,EINC
2403,EIRL
2404,EIS
2405,EIX
2406,EJAN
2407,EJUL
2408,EKAR
2409,EKSO
2410,EL
2411,ELA
2412,ELAN
2413,ELAT
2414,ELC
2415,ELD
2416,ELF
2417,ELGX
2418,ELJ
2419,ELLO
2420,ELMD
2421,ELOX
2422,ELP
2423,ELS
2424,ELSE
2425,ELTK
2426,ELU
2427,ELVT
2428,ELY
2429,EMAG
2430,EMAN
2431,EMB
2432,EMBD
2433,EMBH
2434,EMCB
2435,EMCF
2436,EMD
2437,EMDV
2438,EME
2439,EMF
2440,EMFM
2441,EMGF
2442,EMHY
2443,EMIF
2444,EMKR
2445,EML
2446,EMLC
2447,EMLP
2448,EMMF
2449,EMN
2450,EMNT
2451,EMO
2452,EMP
2453,EMQQ
2454,EMR
2455,EMSG
2456,EMSH
2457,EMTL
2458,EMTY
2459,EMX
2460,EMXC
2461,ENB
2462,ENBA
2463,ENBL
2464,ENDP
2465,ENFR
2466,ENG
2467,ENIA
2468,ENIC
2469,ENJ
2470,ENLC
2471,ENLV
2472,ENO
2473,ENOB
2474,ENOR
2475,ENPH
2476,ENR
2477,ENR$A
2478,ENS
2479,ENSG
2480,ENSV
2481,ENT
2482,ENTA
2483,ENTG
2484,ENTR
2485,ENTX
2486,ENTXW
2487,ENV
2488,ENVA
2489,ENX
2490,ENZ
2491,ENZL
2492,EOD
2493,EOG
2494,EOI
2495,EOLS
2496,EOS
2497,EOT
2498,EP$C
2499,EPAC
2500,EPAM
2501,EPAY
2502,EPC
2503,EPD
2504,EPHE
2505,EPI
2506,EPIX
2507,EPM
2508,EPOL
2509,EPP
2510,EPR
2511,EPR$C
2512,EPR$E
2513,EPR$G
2514,EPRF
2515,EPRT
2516,EPS
2517,EPSN
2518,EPU
2519,EPV
2520,EPZM
2521,EQ
2522,EQAL
2523,EQBK
2524,EQC
2525,EQC$D
2526,EQH
2527,EQH$A
2528,EQIX
2529,EQL
2530,EQNR
2531,EQR
2532,EQRR
2533,EQS
2534,EQT
2535,EQWL
2536,EQX
2537,ERC
2538,ERF
2539,ERH
2540,ERI
2541,ERIC
2542,ERIE
2543,ERII
2544,ERJ
2545,ERM
2546,EROS
2547,ERSX
2548,ERUS
2549,ERX
2550,ERY
2551,ERYP
2552,ES
2553,ESBA
2554,ESBK
2555,ESCA
2556,ESCR
2557,ESE
2558,ESEA
2559,ESEB
2560,ESG
2561,ESGD
2562,ESGE
2563,ESGG
2564,ESGN
2565,ESGR
2566,ESGRO
2567,ESGRP
2568,ESGS
2569,ESGU
2570,ESGV
2571,ESHY
2572,ESI
2573,ESLT
2574,ESML
2575,ESNG
2576,ESNT
2577,ESP
2578,ESPO
2579,ESPR
2580,ESQ
2581,ESRT
2582,ESS
2583,ESSA
2584,ESSC
2585,ESSCR
2586,ESSCU
2587,ESSCW
2588,ESTA
2589,ESTC
2590,ESTE
2591,ESXB
2592,ET
2593,ETB
2594,ETFC
2595,ETG
2596,ETH
2597,ETHO
2598,ETI$
2599,ETJ
2600,ETM
2601,ETN
2602,ETNB
2603,ETO
2604,ETON
2605,ETP$C
2606,ETP$D
2607,ETP$E
2608,ETR
2609,ETRN
2610,ETSY
2611,ETTX
2612,ETV
2613,ETW
2614,ETX
2615,ETY
2616,EUDG
2617,EUDV
2618,EUFN
2619,EUFX
2620,EUM
2621,EUMV
2622,EUO
2623,EURL
2624,EURN
2625,EURZ
2626,EUSA
2627,EUSC
2628,EV
2629,EVA
2630,EVBG
2631,EVBN
2632,EVC
2633,EVER
2634,EVF
2635,EVFM
2636,EVG
2637,EVGBC
2638,EVGN
2639,EVH
2640,EVI
2641,EVK
2642,EVLMC
2643,EVLO
2644,EVM
2645,EVN
2646,EVOK
2647,EVOL
2648,EVOP
2649,EVR
2650,EVRG
2651,EVRI
2652,EVSI
2653,EVSIW
2654,EVSTC
2655,EVT
2656,EVTC
2657,EVV
2658,EVX
2659,EVY
2660,EW
2661,EWA
2662,EWBC
2663,EWC
2664,EWCO
2665,EWD
2666,EWG
2667,EWGS
2668,EWH
2669,EWI
2670,EWJ
2671,EWJE
2672,EWJV
2673,EWK
2674,EWL
2675,EWM
2676,EWMC
2677,EWN
2678,EWO
2679,EWP
2680,EWQ
2681,EWRE
2682,EWS
2683,EWSC
2684,EWT
2685,EWU
2686,EWUS
2687,EWV
2688,EWW
2689,EWX
2690,EWY
2691,EWZ
2692,EWZS
2693,EXAS
2694,EXC
2695,EXD
2696,EXEL
2697,EXFO
2698,EXG
2699,EXI
2700,EXK
2701,EXLS
2702,EXP
2703,EXPC
2704,EXPCU
2705,EXPCW
2706,EXPD
2707,EXPE
2708,EXPI
2709,EXPO
2710,EXPR
2711,EXR
2712,EXTN
2713,EXTR
2714,EYE
2715,EYEG
2716,EYEGW
2717,EYEN
2718,EYES
2719,EYESW
2720,EYLD
2721,EYPT
2722,EZA
2723,EZJ
2724,EZM
2725,EZPW
2726,EZT
2727,EZU
2728,F
2729,F$B
2730,F$C
2731,FAAR
2732,FAB
2733,FAD
2734,FAF
2735,FALN
2736,FAM
2737,FAMI
2738,FAN
2739,FANG
2740,FANH
2741,FARM
2742,FARO
2743,FAS
2744,FAST
2745,FAT
2746,FATE
2747,FAUG
2748,FAUS
2749,FAX
2750,FAZ
2751,FB
2752,FBC
2753,FBCG
2754,FBCV
2755,FBGX
2756,FBHS
2757,FBIO
2758,FBIOP
2759,FBIZ
2760,FBK
2761,FBM
2762,FBMS
2763,FBNC
2764,FBND
2765,FBP
2766,FBRX
2767,FBSS
2768,FBT
2769,FBZ
2770,FC
2771,FCA
2772,FCAL
2773,FCAN
2774,FCAP
2775,FCAU
2776,FCBC
2777,FCBP
2778,FCCO
2779,FCCY
2780,FCEF
2781,FCEL
2782,FCF
2783,FCFS
2784,FCG
2785,FCN
2786,FCNCA
2787,FCNCP
2788,FCO
2789,FCOM
2790,FCOR
2791,FCPI
2792,FCPT
2793,FCT
2794,FCTR
2795,FCVT
2796,FCX
2797,FDBC
2798,FDD
2799,FDEF
2800,FDEM
2801,FDEU
2802,FDEV
2803,FDG
2804,FDHY
2805,FDIS
2806,FDIV
2807,FDL
2808,FDLO
2809,FDM
2810,FDMO
2811,FDN
2812,FDNI
2813,FDP
2814,FDRR
2815,FDS
2816,FDT
2817,FDTS
2818,FDUS
2819,FDUSG
2820,FDUSL
2821,FDUSZ
2822,FDVV
2823,FDX
2824,FE
2825,FEAC
2826,FEAC.U
2827,FEAC.W
2828,FEDU
2829,FEI
2830,FEIM
2831,FELE
2832,FEM
2833,FEMB
2834,FEMS
2835,FEN
2836,FENC
2837,FENG
2838,FENY
2839,FEO
2840,FEP
2841,FET
2842,FEUL
2843,FEUZ
2844,FEX
2845,FEYE
2846,FEZ
2847,FF
2848,FFA
2849,FFBC
2850,FFBW
2851,FFC
2852,FFEB
2853,FFEU
2854,FFG
2855,FFHG
2856,FFHL
2857,FFIC
2858,FFIN
2859,FFIU
2860,FFIV
2861,FFNW
2862,FFR
2863,FFSG
2864,FFTG
2865,FFTI
2866,FFTY
2867,FFWM
2868,FGB
2869,FGBI
2870,FGD
2871,FGEN
2872,FGM
2873,FHB
2874,FHI
2875,FHK
2876,FHLC
2877,FHN
2878,FHN$A
2879,FHN$E
2880,FI
2881,FIBK
2882,FIBR
2883,FICO
2884,FID
2885,FIDI
2886,FIDU
2887,FIEE
2888,FIF
2889,FIHD
2890,FILL
2891,FINS
2892,FINV
2893,FINX
2894,FIS
2895,FISI
2896,FISK
2897,FISR
2898,FISV
2899,FIT
2900,FITB
2901,FITBI
2902,FITBO
2903,FITBP
2904,FITE
2905,FIV
2906,FIVA
2907,FIVE
2908,FIVG
2909,FIVN
2910,FIW
2911,FIX
2912,FIXD
2913,FIXX
2914,FIYY
2915,FIZZ
2916,FJNK
2917,FJP
2918,FKO
2919,FKU
2920,FL
2921,FLAT
2922,FLAU
2923,FLAX
2924,FLBL
2925,FLBR
2926,FLC
2927,FLCA
2928,FLCB
2929,FLCH
2930,FLCO
2931,FLDM
2932,FLDR
2933,FLEE
2934,FLEH
2935,FLEU
2936,FLEX
2937,FLFR
2938,FLGB
2939,FLGE
2940,FLGR
2941,FLGT
2942,FLGV
2943,FLHK
2944,FLHY
2945,FLIA
2946,FLIC
2947,FLIN
2948,FLIR
2949,FLIY
2950,FLJH
2951,FLJP
2952,FLKR
2953,FLL
2954,FLLA
2955,FLLV
2956,FLM
2957,FLMB
2958,FLMI
2959,FLMN
2960,FLMNW
2961,FLMX
2962,FLN
2963,FLNG
2964,FLNT
2965,FLO
2966,FLOT
2967,FLOW
2968,FLQD
2969,FLQE
2970,FLQG
2971,FLQH
2972,FLQL
2973,FLQM
2974,FLQS
2975,FLR
2976,FLRN
2977,FLRT
2978,FLRU
2979,FLS
2980,FLSA
2981,FLSP
2982,FLSW
2983,FLT
2984,FLTB
2985,FLTR
2986,FLTW
2987,FLV
2988,FLWS
2989,FLXN
2990,FLXS
2991,FLY
2992,FLYT
2993,FLZA
2994,FM
2995,FMAO
2996,FMAT
2997,FMAY
2998,FMB
2999,FMBH
3000,FMBI
3001,FMBIP
3002,FMC
3003,FMCI
3004,FMCIU
3005,FMCIW
3006,FMF
3007,FMHI
3008,FMIL
3009,FMK
3010,FMN
3011,FMNB
3012,FMO
3013,FMS
3014,FMX
3015,FMY
3016,FN
3017,FNB
3018,FNB$E
3019,FNCB
3020,FNCL
3021,FND
3022,FNDA
3023,FNDB
3024,FNDC
3025,FNDE
3026,FNDF
3027,FNDX
3028,FNF
3029,FNGD
3030,FNGO
3031,FNGS
3032,FNGU
3033,FNGZ
3034,FNHC
3035,FNI
3036,FNJN
3037,FNK
3038,FNKO
3039,FNLC
3040,FNOV
3041,FNV
3042,FNWB
3043,FNX
3044,FNY
3045,FOCS
3046,FOE
3047,FOF
3048,FOLD
3049,FONR
3050,FOR
3051,FORD
3052,FORK
3053,FORM
3054,FORR
3055,FORTY
3056,FOSL
3057,FOUR
3058,FOVL
3059,FOX
3060,FOXA
3061,FOXF
3062,FPA
3063,FPAC
3064,FPAC.U
3065,FPAC.W
3066,FPAY
3067,FPE
3068,FPEI
3069,FPF
3070,FPH
3071,FPI
3072,FPI$B
3073,FPL
3074,FPRX
3075,FPX
3076,FPXE
3077,FPXI
3078,FQAL
3079,FR
3080,FRA
3081,FRAF
3082,FRAK
3083,FRAN
3084,FRBA
3085,FRBK
3086,FRC
3087,FRC$F
3088,FRC$G
3089,FRC$H
3090,FRC$I
3091,FRC$J
3092,FRD
3093,FRDM
3094,FREL
3095,FREQ
3096,FRG
3097,FRGI
3098,FRHC
3099,FRI
3100,FRLG
3101,FRME
3102,FRO
3103,FRPH
3104,FRPT
3105,FRSX
3106,FRT
3107,FRT$C
3108,FRTA
3109,FSB
3110,FSBW
3111,FSCT
3112,FSD
3113,FSEA
3114,FSFG
3115,FSI
3116,FSK
3117,FSKR
3118,FSLF
3119,FSLR
3120,FSLY
3121,FSM
3122,FSMB
3123,FSMD
3124,FSP
3125,FSRV
3126,FSRVU
3127,FSRVW
3128,FSS
3129,FSTA
3130,FSTR
3131,FSV
3132,FSZ
3133,FT
3134,FTA
3135,FTAC
3136,FTACU
3137,FTACW
3138,FTAG
3139,FTAI
3140,FTAI$A
3141,FTAI$B
3142,FTC
3143,FTCH
3144,FTCS
3145,FTDR
3146,FTEC
3147,FTEK
3148,FTF
3149,FTFT
3150,FTGC
3151,FTHI
3152,FTI
3153,FTK
3154,FTLB
3155,FTLS
3156,FTNT
3157,FTRI
3158,FTS
3159,FTSD
3160,FTSI
3161,FTSL
3162,FTSM
3163,FTV
3164,FTV$A
3165,FTXD
3166,FTXG
3167,FTXH
3168,FTXL
3169,FTXN
3170,FTXO
3171,FTXR
3172,FUD
3173,FUE
3174,FUL
3175,FULC
3176,FULT
3177,FUMB
3178,FUN
3179,FUNC
3180,FUND
3181,FUSB
3182,FUT
3183,FUTU
3184,FUTY
3185,FUV
3186,FV
3187,FVAC.U
3188,FVAL
3189,FVC
3190,FVCB
3191,FVD
3192,FVE
3193,FVL
3194,FVRR
3195,FWDB
3196,FWONA
3197,FWONK
3198,FWP
3199,FWRD
3200,FXA
3201,FXB
3202,FXC
3203,FXD
3204,FXE
3205,FXF
3206,FXG
3207,FXH
3208,FXI
3209,FXL
3210,FXN
3211,FXNC
3212,FXO
3213,FXP
3214,FXR
3215,FXU
3216,FXY
3217,FXZ
3218,FYC
3219,FYLD
3220,FYT
3221,FYX
3222,G
3223,GAA
3224,GAB
3225,GAB$G
3226,GAB$H
3227,GAB$J
3228,GAB$K
3229,GABC
3230,GAIA
3231,GAIN
3232,GAINL
3233,GAINM
3234,GAL
3235,GALT
3236,GAM
3237,GAM$B
3238,GAMR
3239,GAN
3240,GARS
3241,GASS
3242,GATX
3243,GAU
3244,GAZ
3245,GBAB
3246,GBCI
3247,GBDC
3248,GBDV
3249,GBF
3250,GBIL
3251,GBIO
3252,GBL
3253,GBLI
3254,GBLIL
3255,GBLIZ
3256,GBR
3257,GBT
3258,GBUG
3259,GBUY
3260,GBX
3261,GCAP
3262,GCBC
3263,GCC
3264,GCE
3265,GCI
3266,GCO
3267,GCOW
3268,GCP
3269,GCV
3270,GD
3271,GDAT
3272,GDDY
3273,GDEN
3274,GDL
3275,GDL$C
3276,GDMA
3277,GDNA
3278,GDO
3279,GDOT
3280,GDP
3281,GDS
3282,GDV
3283,GDV$A
3284,GDV$G
3285,GDV$H
3286,GDVD
3287,GDX
3288,GDXJ
3289,GDYN
3290,GDYNW
3291,GE
3292,GEC
3293,GECC
3294,GECCL
3295,GECCM
3296,GECCN
3297,GEF
3298,GEF.B
3299,GEL
3300,GEM
3301,GEN
3302,GENC
3303,GENE
3304,GENY
3305,GEO
3306,GEOS
3307,GER
3308,GERM
3309,GERN
3310,GES
3311,GEVO
3312,GF
3313,GFED
3314,GFF
3315,GFI
3316,GFIN
3317,GFL
3318,GFLU
3319,GFN
3320,GFNCP
3321,GFNSL
3322,GFY
3323,GGAL
3324,GGB
3325,GGG
3326,GGM
3327,GGN
3328,GGN$B
3329,GGO
3330,GGO$A
3331,GGT
3332,GGT$E
3333,GGT$G
3334,GGZ
3335,GGZ$A
3336,GH
3337,GHC
3338,GHG
3339,GHIV
3340,GHIVU
3341,GHIVW
3342,GHL
3343,GHM
3344,GHSI
3345,GHY
3346,GHYB
3347,GHYG
3348,GIB
3349,GIFI
3350,GIGB
3351,GIGE
3352,GIGM
3353,GII
3354,GIII
3355,GIK.U
3356,GIL
3357,GILD
3358,GILT
3359,GIM
3360,GIS
3361,GIX
3362,GIX.R
3363,GIX.U
3364,GIX.W
3365,GJH
3366,GJO
3367,GJP
3368,GJR
3369,GJS
3370,GJT
3371,GKOS
3372,GL
3373,GL$C
3374,GLAD
3375,GLADD
3376,GLADL
3377,GLBS
3378,GLBZ
3379,GLCN
3380,GLD
3381,GLDD
3382,GLDI
3383,GLDM
3384,GLEO
3385,GLEO.U
3386,GLEO.W
3387,GLG
3388,GLIBA
3389,GLIBP
3390,GLIF
3391,GLIN
3392,GLL
3393,GLMD
3394,GLNG
3395,GLO
3396,GLOB
3397,GLOG
3398,GLOG$A
3399,GLOP
3400,GLOP$A
3401,GLOP$B
3402,GLOP$C
3403,GLP
3404,GLP$A
3405,GLPG
3406,GLPI
3407,GLQ
3408,GLRE
3409,GLT
3410,GLTR
3411,GLU
3412,GLU$A
3413,GLU$B
3414,GLUU
3415,GLV
3416,GLW
3417,GLYC
3418,GM
3419,GMAB
3420,GMAN
3421,GMBL
3422,GMBLW
3423,GMDA
3424,GME
3425,GMED
3426,GMF
3427,GMHI
3428,GMHIU
3429,GMHIW
3430,GMLP
3431,GMLPP
3432,GMO
3433,GMOM
3434,GMRE
3435,GMRE$A
3436,GMS
3437,GMTA
3438,GMZ
3439,GNAF
3440,GNC
3441,GNCA
3442,GNE
3443,GNE$A
3444,GNFT
3445,GNK
3446,GNL
3447,GNL$A
3448,GNL$B
3449,GNLN
3450,GNMA
3451,GNMK
3452,GNOM
3453,GNPX
3454,GNR
3455,GNRC
3456,GNRS
3457,GNRSU
3458,GNRSW
3459,GNSS
3460,GNT
3461,GNT$A
3462,GNTX
3463,GNTY
3464,GNUS
3465,GNW
3466,GO
3467,GOAT
3468,GOAU
3469,GOEX
3470,GOF
3471,GOGL
3472,GOGO
3473,GOL
3474,GOLD
3475,GOLF
3476,GOOD
3477,GOODM
3478,GOODN
3479,GOOG
3480,GOOGL
3481,GOOS
3482,GORO
3483,GOSS
3484,GOVT
3485,GPAQ
3486,GPAQU
3487,GPAQW
3488,GPC
3489,GPI
3490,GPJA
3491,GPK
3492,GPL
3493,GPM
3494,GPMT
3495,GPN
3496,GPOR
3497,GPP
3498,GPRE
3499,GPRK
3500,GPRO
3501,GPS
3502,GPX
3503,GQRE
3504,GRA
3505,GRAF
3506,GRAF.U
3507,GRAF.W
3508,GRAM
3509,GRBK
3510,GRC
3511,GREK
3512,GRES
3513,GRF
3514,GRFS
3515,GRID
3516,GRIF
3517,GRIL
3518,GRIN
3519,GRMN
3520,GRN
3521,GRNB
3522,GRNQ
3523,GRNV
3524,GRNVR
3525,GRNVU
3526,GRNVW
3527,GROW
3528,GRP.U
3529,GRPN
3530,GRTS
3531,GRTX
3532,GRU
3533,GRUB
3534,GRVY
3535,GRWG
3536,GRX
3537,GRX$B
3538,GS
3539,GS$A
3540,GS$C
3541,GS$D
3542,GS$J
3543,GS$K
3544,GS$N
3545,GSAT
3546,GSB
3547,GSBC
3548,GSBD
3549,GSC
3550,GSEE
3551,GSEU
3552,GSEW
3553,GSG
3554,GSH
3555,GSHD
3556,GSID
3557,GSIE
3558,GSIT
3559,GSJY
3560,GSK
3561,GSKY
3562,GSL
3563,GSL$B
3564,GSLC
3565,GSLD
3566,GSM
3567,GSMG
3568,GSMGW
3569,GSP
3570,GSS
3571,GSSC
3572,GSST
3573,GSUM
3574,GSUS
3575,GSV
3576,GSX
3577,GSY
3578,GT
3579,GTE
3580,GTEC
3581,GTES
3582,GTHX
3583,GTIM
3584,GTIP
3585,GTLS
3586,GTN
3587,GTN.A
3588,GTO
3589,GTS
3590,GTT
3591,GTX
3592,GTY
3593,GTYH
3594,GUDB
3595,GUNR
3596,GURE
3597,GURU
3598,GUSH
3599,GUT
3600,GUT$A
3601,GUT$C
3602,GV
3603,GVA
3604,GVAL
3605,GVI
3606,GVIP
3607,GVP
3608,GWB
3609,GWGH
3610,GWPH
3611,GWRE
3612,GWRS
3613,GWW
3614,GWX
3615,GXC
3616,GXF
3617,GXG
3618,GXGX
3619,GXGXU
3620,GXGXW
3621,GXTG
3622,GYC
3623,GYLD
3624,GYRO
3625,H
3626,HA
3627,HACK
3628,HAE
3629,HAFC
3630,HAIL
3631,HAIN
3632,HAL
3633,HALL
3634,HALO
3635,HAP
3636,HAPP
3637,HARP
3638,HAS
3639,HASI
3640,HAUD
3641,HAUZ
3642,HAWX
3643,HAYN
3644,HBAN
3645,HBANN
3646,HBANO
3647,HBB
3648,HBCP
3649,HBI
3650,HBIO
3651,HBM
3652,HBMD
3653,HBNC
3654,HBP
3655,HBT
3656,HCA
3657,HCAC
3658,HCACU
3659,HCACW
3660,HCAP
3661,HCAPZ
3662,HCAT
3663,HCC
3664,HCCH
3665,HCCHR
3666,HCCHU
3667,HCCHW
3668,HCCI
3669,HCCO
3670,HCCOU
3671,HCCOW
3672,HCFT
3673,HCHC
3674,HCI
3675,HCKT
3676,HCM
3677,HCR
3678,HCRB
3679,HCSG
3680,HCXY
3681,HCXZ
3682,HD
3683,HDAW
3684,HDB
3685,HDEF
3686,HDG
3687,HDGE
3688,HDIV
3689,HDLB
3690,HDMV
3691,HDS
3692,HDSN
3693,HDV
3694,HE
3695,HEAR
3696,HEBT
3697,HECCU
3698,HEDJ
3699,HEEM
3700,HEES
3701,HEFA
3702,HEI
3703,HEI.A
3704,HELE
3705,HELX
3706,HEP
3707,HEPA
3708,HEQ
3709,HERD
3710,HERO
3711,HES
3712,HESM
3713,HEWC
3714,HEWG
3715,HEWI
3716,HEWJ
3717,HEWL
3718,HEWP
3719,HEWU
3720,HEWW
3721,HEWY
3722,HEXO
3723,HEZU
3724,HFBL
3725,HFC
3726,HFFG
3727,HFRO
3728,HFRO$A
3729,HFWA
3730,HFXE
3731,HFXI
3732,HFXJ
3733,HGH
3734,HGLB
3735,HGSH
3736,HGV
3737,HHC
3738,HHR
3739,HHS
3740,HHT
3741,HI
3742,HIBB
3743,HIBL
3744,HIBS
3745,HIE
3746,HIFS
3747,HIG
3748,HIG$G
3749,HIHO
3750,HII
3751,HIL
3752,HIMX
3753,HIO
3754,HIPR
3755,HIPS
3756,HIW
3757,HIX
3758,HJLI
3759,HJLIW
3760,HJPX
3761,HKIB
3762,HL
3763,HL$B
3764,HLAL
3765,HLF
3766,HLG
3767,HLI
3768,HLIO
3769,HLIT
3770,HLM$
3771,HLNE
3772,HLT
3773,HLX
3774,HMC
3775,HMG
3776,HMHC
3777,HMI
3778,HMLP
3779,HMLP$A
3780,HMN
3781,HMNF
3782,HMOP
3783,HMST
3784,HMSY
3785,HMTV
3786,HMY
3787,HNDL
3788,HNGR
3789,HNI
3790,HNNA
3791,HNP
3792,HNRG
3793,HNW
3794,HOFT
3795,HOG
3796,HOLD
3797,HOLI
3798,HOLX
3799,HOMB
3800,HOME
3801,HOMZ
3802,HON
3803,HONE
3804,HOOK
3805,HOPE
3806,HOTH
3807,HOV
3808,HOVNP
3809,HP
3810,HPE
3811,HPF
3812,HPI
3813,HPP
3814,HPQ
3815,HPR
3816,HPS
3817,HQH
3818,HQI
3819,HQL
3820,HQY
3821,HR
3822,HRB
3823,HRC
3824,HRI
3825,HRL
3826,HROW
3827,HRTG
3828,HRTX
3829,HRZN
3830,HSBC
3831,HSBC$A
3832,HSC
3833,HSCZ
3834,HSDT
3835,HSIC
3836,HSII
3837,HSKA
3838,HSMV
3839,HSON
3840,HSPX
3841,HSRT
3842,HST
3843,HSTM
3844,HSTO
3845,HSY
3846,HT
3847,HT$C
3848,HT$D
3849,HT$E
3850,HTA
3851,HTAB
3852,HTBI
3853,HTBK
3854,HTBX
3855,HTD
3856,HTEC
3857,HTFA
3858,HTGC
3859,HTGM
3860,HTH
3861,HTHT
3862,HTIA
3863,HTLD
3864,HTLF
3865,HTRB
3866,HTUS
3867,HTY
3868,HTZ
3869,HUBB
3870,HUBG
3871,HUBS
3872,HUD
3873,HUGE
3874,HUIZ
3875,HUM
3876,HUN
3877,HURC
3878,HURN
3879,HUSA
3880,HUSN
3881,HUSV
3882,HUYA
3883,HVBC
3884,HVT
3885,HVT.A
3886,HWBK
3887,HWC
3888,HWCC
3889,HWCPL
3890,HWCPZ
3891,HWKN
3892,HWM
3893,HWM$
3894,HX
3895,HXL
3896,HY
3897,HYAC
3898,HYACU
3899,HYACW
3900,HYB
3901,HYD
3902,HYDB
3903,HYDW
3904,HYEM
3905,HYG
3906,HYGH
3907,HYGV
3908,HYHG
3909,HYI
3910,HYLB
3911,HYLD
3912,HYLS
3913,HYLV
3914,HYMB
3915,HYMC
3916,HYMCW
3917,HYRE
3918,HYS
3919,HYT
3920,HYTR
3921,HYUP
3922,HYXE
3923,HYXU
3924,HYZD
3925,HZN
3926,HZNP
3927,HZO
3928,IAA
3929,IAC
3930,IAE
3931,IAF
3932,IAG
3933,IAGG
3934,IAI
3935,IAK
3936,IART
3937,IAT
3938,IAU
3939,IAUF
3940,IBA
3941,IBB
3942,IBCE
3943,IBCP
3944,IBD
3945,IBDD
3946,IBDL
3947,IBDM
3948,IBDN
3949,IBDO
3950,IBDP
3951,IBDQ
3952,IBDR
3953,IBDS
3954,IBDT
3955,IBDU
3956,IBHA
3957,IBHB
3958,IBHC
3959,IBHD
3960,IBHE
3961,IBIO
3962,IBKC
3963,IBKCN
3964,IBKCO
3965,IBKCP
3966,IBKR
3967,IBM
3968,IBMI
3969,IBMJ
3970,IBMK
3971,IBML
3972,IBMM
3973,IBMN
3974,IBMO
3975,IBMP
3976,IBMQ
3977,IBN
3978,IBND
3979,IBO
3980,IBOC
3981,IBP
3982,IBTA
3983,IBTB
3984,IBTD
3985,IBTE
3986,IBTF
3987,IBTG
3988,IBTH
3989,IBTI
3990,IBTJ
3991,IBTX
3992,IBUY
3993,ICAD
3994,ICBK
3995,ICCC
3996,ICCH
3997,ICD
3998,ICE
3999,ICF
4000,ICFI
4001,ICHR
4002,ICL
4003,ICLK
4004,ICLN
4005,ICLR
4006,ICMB
4007,ICOL
4008,ICON
4009,ICOW
4010,ICPT
4011,ICSH
4012,ICUI
4013,ICVT
4014,IDA
4015,IDCC
4016,IDE
4017,IDEV
4018,IDEX
4019,IDHD
4020,IDHQ
4021,IDIV
4022,IDLB
4023,IDLV
4024,IDMO
4025,IDN
4026,IDNA
4027,IDOG
4028,IDRA
4029,IDRV
4030,IDT
4031,IDU
4032,IDV
4033,IDX
4034,IDXG
4035,IDXX
4036,IDY
4037,IDYA
4038,IEA
4039,IEAWW
4040,IEC
4041,IECS
4042,IEDI
4043,IEF
4044,IEFA
4045,IEFN
4046,IEHS
4047,IEI
4048,IEIH
4049,IEME
4050,IEMG
4051,IEO
4052,IEP
4053,IESC
4054,IETC
4055,IEUR
4056,IEUS
4057,IEV
4058,IEX
4059,IEZ
4060,IFEU
4061,IFF
4062,IFFT
4063,IFGL
4064,IFMK
4065,IFN
4066,IFRA
4067,IFRX
4068,IFS
4069,IFV
4070,IG
4071,IGA
4072,IGBH
4073,IGC
4074,IGD
4075,IGE
4076,IGEB
4077,IGF
4078,IGHG
4079,IGI
4080,IGIB
4081,IGIC
4082,IGICW
4083,IGLB
4084,IGM
4085,IGMS
4086,IGN
4087,IGOV
4088,IGR
4089,IGRO
4090,IGSB
4091,IGT
4092,IGV
4093,IGZ
4094,IHAK
4095,IHC
4096,IHD
4097,IHDG
4098,IHE
4099,IHF
4100,IHG
4101,IHI
4102,IHIT
4103,IHRT
4104,IHT
4105,IHTA
4106,IHY
4107,IID
4108,IIF
4109,IIGD
4110,IIGV
4111,III
4112,IIIN
4113,IIIV
4114,IIM
4115,IIN
4116,IIPR
4117,IIPR$A
4118,IIVI
4119,IJAN
4120,IJH
4121,IJJ
4122,IJK
4123,IJR
4124,IJS
4125,IJT
4126,IJUL
4127,IKNX
4128,ILF
4129,ILMN
4130,ILPT
4131,ILTB
4132,IMAB
4133,IMAC
4134,IMACW
4135,IMAX
4136,IMBI
4137,IMGN
4138,IMH
4139,IMKTA
4140,IMLP
4141,IMMP
4142,IMMR
4143,IMMU
4144,IMO
4145,IMOM
4146,IMOS
4147,IMRA
4148,IMRN
4149,IMRNW
4150,IMTB
4151,IMTE
4152,IMTM
4153,IMUX
4154,IMV
4155,IMVT
4156,IMXI
4157,INBK
4158,INBKL
4159,INBKZ
4160,INCO
4161,INCY
4162,INDA
4163,INDB
4164,INDL
4165,INDO
4166,INDS
4167,INDY
4168,INFI
4169,INFN
4170,INFO
4171,INFR
4172,INFU
4173,INFY
4174,ING
4175,INGN
4176,INGR
4177,INKM
4178,INMB
4179,INMD
4180,INN
4181,INN$D
4182,INN$E
4183,INO
4184,INOD
4185,INOV
4186,INPX
4187,INS
4188,INSE
4189,INSG
4190,INSI
4191,INSM
4192,INSP
4193,INSU
4194,INSUU
4195,INSUW
4196,INSW
4197,INSW$A
4198,INT
4199,INTC
4200,INTF
4201,INTG
4202,INTL
4203,INTT
4204,INTU
4205,INUV
4206,INVA
4207,INVE
4208,INVH
4209,INWK
4210,IO
4211,IONS
4212,IOO
4213,IOR
4214,IOSP
4215,IOTS
4216,IOVA
4217,IP
4218,IPAC
4219,IPAR
4220,IPAY
4221,IPB
4222,IPDN
4223,IPFF
4224,IPG
4225,IPGP
4226,IPHA
4227,IPHI
4228,IPI
4229,IPKW
4230,IPLDP
4231,IPO
4232,IPOB
4233,IPOB.U
4234,IPOB.W
4235,IPOC
4236,IPOC.U
4237,IPOC.W
4238,IPOS
4239,IPV
4240,IPV.U
4241,IPV.W
4242,IPWR
4243,IQ
4244,IQDE
4245,IQDF
4246,IQDG
4247,IQDY
4248,IQI
4249,IQIN
4250,IQLT
4251,IQM
4252,IQSI
4253,IQSU
4254,IQV
4255,IR
4256,IRBO
4257,IRBT
4258,IRCP
4259,IRDM
4260,IRET
4261,IRET$C
4262,IRIX
4263,IRL
4264,IRM
4265,IRMD
4266,IROQ
4267,IRR
4268,IRS
4269,IRT
4270,IRTC
4271,IRWD
4272,ISBC
4273,ISCF
4274,ISD
4275,ISDR
4276,ISDS
4277,ISDX
4278,ISEE
4279,ISEM
4280,ISHG
4281,ISIG
4282,ISMD
4283,ISNS
4284,ISR
4285,ISRA
4286,ISRG
4287,ISSC
4288,ISTB
4289,ISTR
4290,ISZE
4291,IT
4292,ITA
4293,ITB
4294,ITCB
4295,ITCI
4296,ITEQ
4297,ITGR
4298,ITI
4299,ITIC
4300,ITM
4301,ITMR
4302,ITOT
4303,ITP
4304,ITRI
4305,ITRM
4306,ITRN
4307,ITT
4308,ITUB
4309,ITW
4310,IUS
4311,IUSB
4312,IUSG
4313,IUSS
4314,IUSV
4315,IVAC
4316,IVAL
4317,IVC
4318,IVE
4319,IVES
4320,IVH
4321,IVLU
4322,IVOG
4323,IVOL
4324,IVOO
4325,IVOV
4326,IVR
4327,IVR$A
4328,IVR$B
4329,IVR$C
4330,IVV
4331,IVW
4332,IVZ
4333,IWB
4334,IWC
4335,IWD
4336,IWF
4337,IWL
4338,IWM
4339,IWN
4340,IWO
4341,IWP
4342,IWR
4343,IWS
4344,IWV
4345,IWX
4346,IWY
4347,IX
4348,IXC
4349,IXG
4350,IXJ
4351,IXN
4352,IXP
4353,IXSE
4354,IXUS
4355,IYC
4356,IYE
4357,IYF
4358,IYG
4359,IYH
4360,IYJ
4361,IYK
4362,IYLD
4363,IYM
4364,IYR
4365,IYT
4366,IYW
4367,IYY
4368,IYZ
4369,IZEA
4370,IZRL
4371,J
4372,JACK
4373,JAGG
4374,JAGX
4375,JAKK
4376,JAN
4377,JAX
4378,JAZZ
4379,JBGS
4380,JBHT
4381,JBK
4382,JBL
4383,JBLU
4384,JBSS
4385,JBT
4386,JCAP
4387,JCAP$B
4388,JCE
4389,JCI
4390,JCO
4391,JCOM
4392,JCPB
4393,JCS
4394,JCTCF
4395,JD
4396,JDD
4397,JDIV
4398,JDST
4399,JE
4400,JE$A
4401,JEF
4402,JELD
4403,JEMD
4404,JEPI
4405,JEQ
4406,JETS
4407,JFIN
4408,JFK
4409,JFKKR
4410,JFKKU
4411,JFKKW
4412,JFR
4413,JFU
4414,JG
4415,JGH
4416,JHAA
4417,JHB
4418,JHCS
4419,JHEM
4420,JHG
4421,JHI
4422,JHMA
4423,JHMC
4424,JHMD
4425,JHME
4426,JHMF
4427,JHMH
4428,JHMI
4429,JHML
4430,JHMM
4431,JHMS
4432,JHMT
4433,JHMU
4434,JHS
4435,JHSC
4436,JHX
4437,JHY
4438,JIG
4439,JIGB
4440,JIH
4441,JIH.U
4442,JIH.W
4443,JILL
4444,JJA
4445,JJC
4446,JJE
4447,JJG
4448,JJM
4449,JJN
4450,JJP
4451,JJS
4452,JJSF
4453,JJT
4454,JJU
4455,JKD
4456,JKE
4457,JKF
4458,JKG
4459,JKH
4460,JKHY
4461,JKI
4462,JKJ
4463,JKK
4464,JKL
4465,JKS
4466,JLL
4467,JLS
4468,JMBS
4469,JMIA
4470,JMIN
4471,JMM
4472,JMOM
4473,JMP
4474,JMPNL
4475,JMPNZ
4476,JMST
4477,JMUB
4478,JNCE
4479,JNJ
4480,JNK
4481,JNPR
4482,JNUG
4483,JO
4484,JOB
4485,JOBS
4486,JOE
4487,JOF
4488,JOUT
4489,JOYY
4490,JP
4491,JPC
4492,JPED
4493,JPEM
4494,JPGB
4495,JPGE
4496,JPHF
4497,JPHY
4498,JPI
4499,JPIN
4500,JPM
4501,JPM$C
4502,JPM$D
4503,JPM$G
4504,JPM$H
4505,JPM$J
4506,JPMB
4507,JPME
4508,JPMV
4509,JPN
4510,JPNL
4511,JPS
4512,JPSE
4513,JPST
4514,JPT
4515,JPUS
4516,JPXN
4517,JQC
4518,JQUA
4519,JRI
4520,JRJC
4521,JRO
4522,JRS
4523,JRSH
4524,JRVR
4525,JSD
4526,JSM
4527,JSMD
4528,JSML
4529,JT
4530,JTA
4531,JTD
4532,JUST
4533,JVA
4534,JVAL
4535,JW.A
4536,JW.B
4537,JWN
4538,JWS.U
4539,JXI
4540,JYNT
4541,K
4542,KAI
4543,KALA
4544,KALL
4545,KALU
4546,KALV
4547,KAMN
4548,KAPR
4549,KAR
4550,KARS
4551,KB
4552,KBA
4553,KBAL
4554,KBE
4555,KBH
4556,KBLM
4557,KBLMR
4558,KBLMU
4559,KBLMW
4560,KBR
4561,KBSF
4562,KBWB
4563,KBWD
4564,KBWP
4565,KBWR
4566,KBWY
4567,KC
4568,KCAPL
4569,KCCB
4570,KCE
4571,KCNY
4572,KDFI
4573,KDMN
4574,KDP
4575,KE
4576,KELYA
4577,KELYB
4578,KEMQ
4579,KEMX
4580,KEN
4581,KEP
4582,KEQU
4583,KERN
4584,KERNW
4585,KEX
4586,KEY
4587,KEY$I
4588,KEY$J
4589,KEY$K
4590,KEYS
4591,KF
4592,KFFB
4593,KFRC
4594,KFS
4595,KFY
4596,KFYP
4597,KGC
4598,KGJI
4599,KGRN
4600,KHC
4601,KIDS
4602,KIE
4603,KIM
4604,KIM$L
4605,KIM$M
4606,KIN
4607,KINS
4608,KIO
4609,KIQ
4610,KIRK
4611,KJAN
4612,KKR
4613,KKR$A
4614,KKR$B
4615,KL
4616,KLAC
4617,KLCD
4618,KLDO
4619,KLDW
4620,KLIC
4621,KLR
4622,KLR.W
4623,KLXE
4624,KMB
4625,KMDA
4626,KMED
4627,KMF
4628,KMI
4629,KMPR
4630,KMT
4631,KMX
4632,KN
4633,KNAB
4634,KNDI
4635,KNG
4636,KNL
4637,KNOP
4638,KNOW
4639,KNSA
4640,KNSL
4641,KNX
4642,KO
4643,KOCT
4644,KOD
4645,KODK
4646,KOF
4647,KOIN
4648,KOKU
4649,KOL
4650,KOLD
4651,KOMP
4652,KOP
4653,KOPN
4654,KORP
4655,KORU
4656,KOS
4657,KOSS
4658,KPTI
4659,KR
4660,KRA
4661,KRC
4662,KRE
4663,KREF
4664,KRG
4665,KRKR
4666,KRMA
4667,KRMD
4668,KRNT
4669,KRNY
4670,KRO
4671,KROS
4672,KRP
4673,KRTX
4674,KRUS
4675,KRYS
4676,KSA
4677,KSCD
4678,KSM
4679,KSS
4680,KSU
4681,KSU$
4682,KT
4683,KTB
4684,KTCC
4685,KTF
4686,KTH
4687,KTN
4688,KTOS
4689,KTOV
4690,KTOVW
4691,KURA
4692,KURE
4693,KVHI
4694,KW
4695,KWEB
4696,KWR
4697,KXI
4698,KXIN
4699,KYN
4700,KZIA
4701,KZR
4702,L
4703,LABD
4704,LABU
4705,LAC
4706,LACK
4707,LACQ
4708,LACQU
4709,LACQW
4710,LAD
4711,LADR
4712,LAIX
4713,LAKE
4714,LAMR
4715,LANC
4716,LAND
4717,LANDP
4718,LARK
4719,LASR
4720,LATN
4721,LATNU
4722,LATNW
4723,LAUR
4724,LAWS
4725,LAZ
4726,LAZY
4727,LB
4728,LBAI
4729,LBC
4730,LBJ
4731,LBRDA
4732,LBRDK
4733,LBRT
4734,LBTYA
4735,LBTYB
4736,LBTYK
4737,LC
4738,LCA
4739,LCAHU
4740,LCAHW
4741,LCI
4742,LCII
4743,LCNB
4744,LCR
4745,LCTX
4746,LCUT
4747,LD
4748,LDEM
4749,LDL
4750,LDOS
4751,LDP
4752,LDRS
4753,LDSF
4754,LDUR
4755,LE
4756,LEA
4757,LEAD
4758,LEAF
4759,LECO
4760,LEDS
4761,LEE
4762,LEG
4763,LEGH
4764,LEGN
4765,LEGR
4766,LEJU
4767,LEMB
4768,LEN
4769,LEN.B
4770,LEND
4771,LEO
4772,LEU
4773,LEVI
4774,LEVL
4775,LFAC
4776,LFACU
4777,LFACW
4778,LFC
4779,LFEQ
4780,LFUS
4781,LFVN
4782,LGC
4783,LGC.U
4784,LGC.W
4785,LGF.A
4786,LGF.B
4787,LGH
4788,LGHL
4789,LGHLW
4790,LGI
4791,LGIH
4792,LGL
4793,LGLV
4794,LGND
4795,LGOV
4796,LGVW.U
4797,LH
4798,LHC
4799,LHC.U
4800,LHC.W
4801,LHCG
4802,LHX
4803,LIFE
4804,LII
4805,LILA
4806,LILAK
4807,LIN
4808,LINC
4809,LIND
4810,LINX
4811,LIQT
4812,LIT
4813,LITB
4814,LITE
4815,LIVE
4816,LIVK
4817,LIVKU
4818,LIVKW
4819,LIVN
4820,LIVX
4821,LIZI
4822,LJPC
4823,LK
4824,LKCO
4825,LKFN
4826,LKOR
4827,LKQ
4828,LL
4829,LLEX
4830,LLIT
4831,LLNW
4832,LLY
4833,LM
4834,LMAT
4835,LMB
4836,LMBS
4837,LMFA
4838,LMFAW
4839,LMHA
4840,LMHB
4841,LMLB
4842,LMNL
4843,LMNR
4844,LMNX
4845,LMPX
4846,LMRK
4847,LMRKN
4848,LMRKO
4849,LMRKP
4850,LMST
4851,LMT
4852,LN
4853,LNC
4854,LND
4855,LNDC
4856,LNG
4857,LNGR
4858,LNN
4859,LNT
4860,LNTH
4861,LOAC
4862,LOACR
4863,LOACU
4864,LOACW
4865,LOAK
4866,LOAK.U
4867,LOAK.W
4868,LOAN
4869,LOB
4870,LOCO
4871,LODE
4872,LOGC
4873,LOGI
4874,LOGM
4875,LOMA
4876,LONE
4877,LOOP
4878,LOPE
4879,LORL
4880,LOUP
4881,LOV
4882,LOVE
4883,LOW
4884,LOWC
4885,LPCN
4886,LPG
4887,LPI
4888,LPL
4889,LPLA
4890,LPRO
4891,LPSN
4892,LPTH
4893,LPTX
4894,LPX
4895,LQD
4896,LQDA
4897,LQDH
4898,LQDI
4899,LQDT
4900,LRCX
4901,LRGE
4902,LRGF
4903,LRMR
4904,LRN
4905,LRNZ
4906,LSAC
4907,LSACU
4908,LSACW
4909,LSAF
4910,LSBK
4911,LSCC
4912,LSI
4913,LSLT
4914,LSST
4915,LSTR
4916,LSXMA
4917,LSXMB
4918,LSXMK
4919,LTBR
4920,LTC
4921,LTHM
4922,LTL
4923,LTPZ
4924,LTRN
4925,LTRPA
4926,LTRPB
4927,LTRX
4928,LUB
4929,LULU
4930,LUMO
4931,LUNA
4932,LUV
4933,LVGO
4934,LVHB
4935,LVHD
4936,LVHI
4937,LVS
4938,LVUS
4939,LW
4940,LWAY
4941,LX
4942,LXFR
4943,LXP
4944,LXP$C
4945,LXRX
4946,LXU
4947,LYB
4948,LYFT
4949,LYG
4950,LYL
4951,LYRA
4952,LYTS
4953,LYV
4954,LZB
4955,M
4956,MA
4957,MAA
4958,MAA$I
4959,MAAX
4960,MAC
4961,MACK
4962,MAG
4963,MAGA
4964,MAGS
4965,MAIN
4966,MAN
4967,MANH
4968,MANT
4969,MANU
4970,MAR
4971,MARA
4972,MARB
4973,MARK
4974,MARPS
4975,MAS
4976,MASI
4977,MAT
4978,MATW
4979,MATX
4980,MAV
4981,MAXR
4982,MAYS
4983,MBB
4984,MBCN
4985,MBI
4986,MBII
4987,MBIN
4988,MBINO
4989,MBINP
4990,MBIO
4991,MBNKP
4992,MBOT
4993,MBRX
4994,MBSD
4995,MBT
4996,MBUU
4997,MBWM
4998,MC
4999,MCA
5000,MCACU
5001,MCB
5002,MCBC
5003,MCBS
5004,MCC
5005,MCD
5006,MCEF
5007,MCEP
5008,MCF
5009,MCFT
5010,MCHI
5011,MCHP
5012,MCHX
5013,MCI
5014,MCK
5015,MCMJ
5016,MCMJW
5017,MCN
5018,MCO
5019,MCR
5020,MCRB
5021,MCRI
5022,MCRO
5023,MCS
5024,MCV
5025,MCX
5026,MCY
5027,MD
5028,MDB
5029,MDC
5030,MDCA
5031,MDGL
5032,MDGS
5033,MDGSW
5034,MDIA
5035,MDIV
5036,MDJH
5037,MDLA
5038,MDLQ
5039,MDLX
5040,MDLY
5041,MDLZ
5042,MDP
5043,MDRR
5044,MDRRP
5045,MDRX
5046,MDT
5047,MDU
5048,MDWD
5049,MDY
5050,MDYG
5051,MDYV
5052,MEAR
5053,MEC
5054,MED
5055,MEDP
5056,MEDS
5057,MEET
5058,MEI
5059,MEIP
5060,MELI
5061,MEN
5062,MEOH
5063,MER$K
5064,MERC
5065,MESA
5066,MESO
5067,MET
5068,MET$A
5069,MET$E
5070,MET$F
5071,METC
5072,METX
5073,METXW
5074,MEXX
5075,MFA
5076,MFA$B
5077,MFA$C
5078,MFAC
5079,MFAC.U
5080,MFAC.W
5081,MFC
5082,MFD
5083,MFDX
5084,MFEM
5085,MFG
5086,MFGP
5087,MFH
5088,MFIN
5089,MFINL
5090,MFL
5091,MFM
5092,MFMS
5093,MFNC
5094,MFO
5095,MFT
5096,MFUS
5097,MFV
5098,MG
5099,MGA
5100,MGC
5101,MGEE
5102,MGEN
5103,MGF
5104,MGI
5105,MGIC
5106,MGK
5107,MGLN
5108,MGM
5109,MGNX
5110,MGP
5111,MGPI
5112,MGR
5113,MGRC
5114,MGTA
5115,MGTX
5116,MGU
5117,MGV
5118,MGY
5119,MGYR
5120,MH$A
5121,MH$C
5122,MH$D
5123,MHD
5124,MHE
5125,MHF
5126,MHH
5127,MHI
5128,MHK
5129,MHLA
5130,MHLD
5131,MHN
5132,MHNC
5133,MHO
5134,MIC
5135,MICT
5136,MIDD
5137,MIDF
5138,MIDU
5139,MIE
5140,MIK
5141,MILN
5142,MIME
5143,MIN
5144,MINC
5145,MIND
5146,MINDP
5147,MINI
5148,MINT
5149,MIRM
5150,MIST
5151,MITK
5152,MITO
5153,MITT
5154,MITT$A
5155,MITT$B
5156,MITT$C
5157,MIXT
5158,MIY
5159,MJ
5160,MJCO
5161,MJJ
5162,MJO
5163,MKC
5164,MKC.V
5165,MKD
5166,MKGI
5167,MKL
5168,MKSI
5169,MKTX
5170,MLAB
5171,MLCO
5172,MLHR
5173,MLI
5174,MLM
5175,MLN
5176,MLND
5177,MLP
5178,MLPA
5179,MLPB
5180,MLPC
5181,MLPE
5182,MLPG
5183,MLPI
5184,MLPO
5185,MLPR
5186,MLPX
5187,MLPY
5188,MLR
5189,MLSS
5190,MLVF
5191,MMAC
5192,MMC
5193,MMD
5194,MMI
5195,MMIN
5196,MMIT
5197,MMLP
5198,MMM
5199,MMP
5200,MMS
5201,MMSI
5202,MMT
5203,MMTM
5204,MMU
5205,MMX
5206,MMYT
5207,MN
5208,MNA
5209,MNCL
5210,MNCLU
5211,MNCLW
5212,MNDO
5213,MNK
5214,MNKD
5215,MNLO
5216,MNOV
5217,MNP
5218,MNPR
5219,MNR
5220,MNR$C
5221,MNRL
5222,MNRO
5223,MNSB
5224,MNST
5225,MNTA
5226,MNTX
5227,MO
5228,MOAT
5229,MOBL
5230,MOD
5231,MODN
5232,MOFG
5233,MOG.A
5234,MOG.B
5235,MOGO
5236,MOGU
5237,MOH
5238,MOHO
5239,MOM
5240,MOMO
5241,MOO
5242,MOR
5243,MORF
5244,MORN
5245,MORT
5246,MOS
5247,MOSY
5248,MOTI
5249,MOTO
5250,MOTS
5251,MOV
5252,MOXC
5253,MPA
5254,MPAA
5255,MPB
5256,MPC
5257,MPLX
5258,MPV
5259,MPW
5260,MPWR
5261,MPX
5262,MQT
5263,MQY
5264,MR
5265,MRAM
5266,MRBK
5267,MRC
5268,MRCC
5269,MRCCL
5270,MRCY
5271,MREO
5272,MRGR
5273,MRIN
5274,MRK
5275,MRKR
5276,MRLN
5277,MRNA
5278,MRNS
5279,MRO
5280,MRSN
5281,MRTN
5282,MRTX
5283,MRUS
5284,MRVL
5285,MS
5286,MS$A
5287,MS$E
5288,MS$F
5289,MS$I
5290,MS$K
5291,MS$L
5292,MSA
5293,MSB
5294,MSBF
5295,MSBI
5296,MSC
5297,MSCI
5298,MSD
5299,MSEX
5300,MSFT
5301,MSGE
5302,MSGN
5303,MSGS
5304,MSI
5305,MSM
5306,MSN
5307,MSON
5308,MSTR
5309,MSUS
5310,MSVB
5311,MSVX
5312,MT
5313,MTA
5314,MTB
5315,MTBC
5316,MTBCP
5317,MTC
5318,MTCH
5319,MTCN
5320,MTD
5321,MTDR
5322,MTEM
5323,MTEX
5324,MTG
5325,MTGP
5326,MTH
5327,MTL
5328,MTL$
5329,MTLS
5330,MTN
5331,MTNB
5332,MTOR
5333,MTP
5334,MTR
5335,MTRN
5336,MTRX
5337,MTSC
5338,MTSI
5339,MTSL
5340,MTT
5341,MTUM
5342,MTW
5343,MTX
5344,MTZ
5345,MU
5346,MUA
5347,MUB
5348,MUC
5349,MUE
5350,MUFG
5351,MUH
5352,MUI
5353,MUJ
5354,MUNI
5355,MUR
5356,MUS
5357,MUSA
5358,MUST
5359,MUTE
5360,MUX
5361,MVBF
5362,MVC
5363,MVCD
5364,MVF
5365,MVIN
5366,MVIS
5367,MVO
5368,MVRL
5369,MVT
5370,MVV
5371,MWA
5372,MWK
5373,MX
5374,MXC
5375,MXDE
5376,MXDU
5377,MXE
5378,MXF
5379,MXI
5380,MXIM
5381,MXL
5382,MYC
5383,MYD
5384,MYE
5385,MYF
5386,MYFW
5387,MYGN
5388,MYI
5389,MYJ
5390,MYL
5391,MYN
5392,MYO
5393,MYOK
5394,MYOS
5395,MYOV
5396,MYRG
5397,MYSZ
5398,MYT
5399,MYY
5400,MZA
5401,MZZ
5402,NAC
5403,NACP
5404,NAD
5405,NAII
5406,NAIL
5407,NAK
5408,NAKD
5409,NAN
5410,NANR
5411,NAOV
5412,NAPR
5413,NARI
5414,NAT
5415,NATH
5416,NATI
5417,NATR
5418,NAV
5419,NAV$D
5420,NAVB
5421,NAVI
5422,NAZ
5423,NBAC
5424,NBACR
5425,NBACU
5426,NBACW
5427,NBB
5428,NBEV
5429,NBH
5430,NBHC
5431,NBIX
5432,NBL
5433,NBLX
5434,NBN
5435,NBO
5436,NBR
5437,NBR$A
5438,NBRV
5439,NBSE
5440,NBTB
5441,NBW
5442,NBY
5443,NC
5444,NCA
5445,NCB
5446,NCBS
5447,NCLH
5448,NCMI
5449,NCNA
5450,NCR
5451,NCSM
5452,NCTY
5453,NCV
5454,NCV$A
5455,NCZ
5456,NCZ$A
5457,NDAQ
5458,NDLS
5459,NDP
5460,NDRA
5461,NDRAW
5462,NDSN
5463,NE
5464,NEA
5465,NEAR
5466,NEE
5467,NEE$I
5468,NEE$J
5469,NEE$K
5470,NEE$N
5471,NEE$O
5472,NEE$P
5473,NEED
5474,NEM
5475,NEN
5476,NEO
5477,NEOG
5478,NEON
5479,NEOS
5480,NEP
5481,NEPH
5482,NEPT
5483,NERD
5484,NERV
5485,NES
5486,NESR
5487,NESRW
5488,NET
5489,NETE
5490,NETL
5491,NEU
5492,NEV
5493,NEW
5494,NEWA
5495,NEWR
5496,NEWT
5497,NEWTI
5498,NEWTL
5499,NEX
5500,NEXA
5501,NEXT
5502,NFBK
5503,NFE
5504,NFG
5505,NFH
5506,NFH.W
5507,NFIN
5508,NFINU
5509,NFINW
5510,NFJ
5511,NFLT
5512,NFLX
5513,NFRA
5514,NFTY
5515,NG
5516,NGD
5517,NGE
5518,NGG
5519,NGHC
5520,NGHCN
5521,NGHCO
5522,NGHCP
5523,NGHCZ
5524,NGL
5525,NGL$B
5526,NGL$C
5527,NGLS$A
5528,NGM
5529,NGS
5530,NGVC
5531,NGVT
5532,NH
5533,NHA
5534,NHC
5535,NHF
5536,NHI
5537,NHLD
5538,NHLDW
5539,NHS
5540,NHTC
5541,NI
5542,NI$B
5543,NIB
5544,NICE
5545,NICK
5546,NID
5547,NIE
5548,NIFE
5549,NIM
5550,NINE
5551,NIO
5552,NIQ
5553,NIU
5554,NJAN
5555,NJR
5556,NJV
5557,NK
5558,NKE
5559,NKG
5560,NKLA
5561,NKLAW
5562,NKSH
5563,NKTR
5564,NKX
5565,NL
5566,NLOK
5567,NLR
5568,NLS
5569,NLSN
5570,NLTX
5571,NLY
5572,NLY$D
5573,NLY$F
5574,NLY$G
5575,NLY$I
5576,NM
5577,NM$G
5578,NM$H
5579,NMCI
5580,NMCO
5581,NMFC
5582,NMFX
5583,NMI
5584,NMIH
5585,NMK$B
5586,NMK$C
5587,NML
5588,NMM
5589,NMR
5590,NMRD
5591,NMRK
5592,NMS
5593,NMT
5594,NMTR
5595,NMY
5596,NMZ
5597,NNA
5598,NNBR
5599,NNDM
5600,NNI
5601,NNN
5602,NNN$F
5603,NNVC
5604,NNY
5605,NOA
5606,NOAH
5607,NOBL
5608,NOC
5609,NOCT
5610,NODK
5611,NOG
5612,NOK
5613,NOM
5614,NOMD
5615,NORW
5616,NOV
5617,NOVA
5618,NOVN
5619,NOVS
5620,NOVSU
5621,NOVSW
5622,NOVT
5623,NOW
5624,NP
5625,NPA
5626,NPAUU
5627,NPAWW
5628,NPK
5629,NPN
5630,NPO
5631,NPTN
5632,NPV
5633,NQP
5634,NR
5635,NRBO
5636,NRC
5637,NREF
5638,NRG
5639,NRGD
5640,NRGO
5641,NRGU
5642,NRGX
5643,NRGZ
5644,NRIM
5645,NRK
5646,NRO
5647,NRP
5648,NRT
5649,NRUC
5650,NRZ
5651,NRZ$A
5652,NRZ$B
5653,NRZ$C
5654,NS
5655,NS$A
5656,NS$B
5657,NS$C
5658,NSA
5659,NSA$A
5660,NSC
5661,NSCO
5662,NSCO.W
5663,NSEC
5664,NSIT
5665,NSL
5666,NSP
5667,NSPR
5668,NSPR.B
5669,NSPR.W
5670,NSS
5671,NSSC
5672,NSTG
5673,NSYS
5674,NTAP
5675,NTB
5676,NTCO
5677,NTCT
5678,NTEC
5679,NTES
5680,NTEST
5681,NTEST.A
5682,NTEST.B
5683,NTEST.C
5684,NTG
5685,NTGR
5686,NTIC
5687,NTIP
5688,NTLA
5689,NTN
5690,NTNX
5691,NTP
5692,NTR
5693,NTRA
5694,NTRP
5695,NTRS
5696,NTRSO
5697,NTSX
5698,NTUS
5699,NTWK
5700,NTZ
5701,NUAG
5702,NUAN
5703,NUBD
5704,NUDM
5705,NUE
5706,NUEM
5707,NUGT
5708,NUHY
5709,NULC
5710,NULG
5711,NULV
5712,NUM
5713,NUMG
5714,NUMV
5715,NUO
5716,NURE
5717,NURO
5718,NUS
5719,NUSA
5720,NUSC
5721,NUSI
5722,NUV
5723,NUVA
5724,NUW
5725,NVAX
5726,NVCN
5727,NVCR
5728,NVDA
5729,NVEC
5730,NVEE
5731,NVFY
5732,NVG
5733,NVGS
5734,NVIV
5735,NVMI
5736,NVO
5737,NVR
5738,NVRO
5739,NVS
5740,NVST
5741,NVT
5742,NVTA
5743,NVUS
5744,NWBI
5745,NWE
5746,NWFL
5747,NWGI
5748,NWHM
5749,NWL
5750,NWLI
5751,NWN
5752,NWPX
5753,NWS
5754,NWSA
5755,NX
5756,NXC
5757,NXE
5758,NXGN
5759,NXJ
5760,NXN
5761,NXP
5762,NXPI
5763,NXQ
5764,NXR
5765,NXRT
5766,NXST
5767,NXTC
5768,NXTD
5769,NXTG
5770,NYCB
5771,NYCB$A
5772,NYCB$U
5773,NYF
5774,NYMT
5775,NYMTM
5776,NYMTN
5777,NYMTO
5778,NYMTP
5779,NYMX
5780,NYT
5781,NYV
5782,NZF
5783,O
5784,OAC
5785,OAC.U
5786,OAC.W
5787,OAK$A
5788,OAK$B
5789,OAS
5790,OBAS
5791,OBCI
5792,OBLG
5793,OBLN
5794,OBNK
5795,OBOR
5796,OBSV
5797,OC
5798,OCC
5799,OCCI
5800,OCCIP
5801,OCFC
5802,OCFCP
5803,OCFT
5804,OCGN
5805,OCIO
5806,OCN
5807,OCSI
5808,OCSL
5809,OCUL
5810,OCX
5811,ODC
5812,ODFL
5813,ODP
5814,ODT
5815,OEC
5816,OEF
5817,OEG
5818,OESX
5819,OEUR
5820,OFC
5821,OFED
5822,OFG
5823,OFG$A
5824,OFG$B
5825,OFG$D
5826,OFIX
5827,OFLX
5828,OFS
5829,OFSSI
5830,OFSSL
5831,OFSSZ
5832,OGCP
5833,OGE
5834,OGEN
5835,OGI
5836,OGIG
5837,OGS
5838,OHI
5839,OI
5840,OIA
5841,OIBR.C
5842,OIH
5843,OII
5844,OIIM
5845,OILK
5846,OIS
5847,OKE
5848,OKTA
5849,OLD
5850,OLED
5851,OLEM
5852,OLLI
5853,OLN
5854,OLP
5855,OMAB
5856,OMC
5857,OMCL
5858,OMER
5859,OMEX
5860,OMF
5861,OMFL
5862,OMFS
5863,OMI
5864,OMP
5865,ON
5866,ONB
5867,ONCS
5868,ONCT
5869,ONCY
5870,ONDK
5871,ONE
5872,ONEM
5873,ONEO
5874,ONEQ
5875,ONEV
5876,ONEW
5877,ONEY
5878,ONLN
5879,ONTO
5880,ONTX
5881,ONTXW
5882,ONVO
5883,OOMA
5884,OPBK
5885,OPCH
5886,OPER
5887,OPES
5888,OPESU
5889,OPESW
5890,OPGN
5891,OPHC
5892,OPI
5893,OPINI
5894,OPK
5895,OPNT
5896,OPOF
5897,OPP
5898,OPRA
5899,OPRT
5900,OPRX
5901,OPTN
5902,OPTT
5903,OPY
5904,OR
5905,ORA
5906,ORAN
5907,ORBC
5908,ORC
5909,ORCC
5910,ORCL
5911,ORGO
5912,ORGS
5913,ORI
5914,ORIC
5915,ORLY
5916,ORMP
5917,ORN
5918,ORRF
5919,ORSN
5920,ORSNR
5921,ORSNU
5922,ORSNW
5923,ORTX
5924,OSB
5925,OSBC
5926,OSCV
5927,OSG
5928,OSIS
5929,OSK
5930,OSMT
5931,OSN
5932,OSPN
5933,OSS
5934,OSTK
5935,OSUR
5936,OSW
5937,OTEL
5938,OTEX
5939,OTIC
5940,OTIS
5941,OTLK
5942,OTLKW
5943,OTTR
5944,OTTW
5945,OUNZ
5946,OUSA
5947,OUSM
5948,OUT
5949,OVB
5950,OVBC
5951,OVF
5952,OVID
5953,OVL
5954,OVLY
5955,OVM
5956,OVS
5957,OVV
5958,OXBR
5959,OXBRW
5960,OXFD
5961,OXLC
5962,OXLCM
5963,OXLCO
5964,OXLCP
5965,OXM
5966,OXSQ
5967,OXSQL
5968,OXSQZ
5969,OXY
5970,OYST
5971,OZK
5972,PAA
5973,PAAS
5974,PAC
5975,PACA
5976,PACB
5977,PACD
5978,PACK
5979,PACK.W
5980,PACQ
5981,PACQU
5982,PACQW
5983,PACW
5984,PAE
5985,PAEWW
5986,PAG
5987,PAGP
5988,PAGS
5989,PAHC
5990,PAI
5991,PAK
5992,PALL
5993,PAM
5994,PANL
5995,PANW
5996,PAPR
5997,PAR
5998,PARR
5999,PASG
6000,PASS
6001,PATI
6002,PATK
6003,PAUG
6004,PAVE
6005,PAVM
6006,PAVMW
6007,PAVMZ
6008,PAWZ
6009,PAYC
6010,PAYS
6011,PAYX
6012,PB
6013,PBA
6014,PBB
6015,PBC
6016,PBCT
6017,PBCTP
6018,PBD
6019,PBDM
6020,PBE
6021,PBEE
6022,PBF
6023,PBFS
6024,PBFX
6025,PBH
6026,PBHC
6027,PBI
6028,PBI$B
6029,PBIP
6030,PBJ
6031,PBND
6032,PBP
6033,PBPB
6034,PBR
6035,PBR.A
6036,PBS
6037,PBSM
6038,PBT
6039,PBTP
6040,PBTS
6041,PBUS
6042,PBW
6043,PBY
6044,PBYI
6045,PCAR
6046,PCB
6047,PCEF
6048,PCF
6049,PCG
6050,PCG$A
6051,PCG$B
6052,PCG$C
6053,PCG$D
6054,PCG$E
6055,PCG$G
6056,PCG$H
6057,PCG$I
6058,PCH
6059,PCI
6060,PCK
6061,PCM
6062,PCN
6063,PCOM
6064,PCPL
6065,PCPL.U
6066,PCPL.W
6067,PCQ
6068,PCRX
6069,PCSB
6070,PCTI
6071,PCTY
6072,PCVX
6073,PCY
6074,PCYG
6075,PCYO
6076,PD
6077,PDBC
6078,PDCE
6079,PDCO
6080,PDD
6081,PDEC
6082,PDEV
6083,PDEX
6084,PDFS
6085,PDI
6086,PDLB
6087,PDLI
6088,PDM
6089,PDN
6090,PDP
6091,PDS
6092,PDSB
6093,PDT
6094,PE
6095,PEAK
6096,PEB
6097,PEB$C
6098,PEB$D
6099,PEB$E
6100,PEB$F
6101,PEBK
6102,PEBO
6103,PECK
6104,PED
6105,PEG
6106,PEGA
6107,PEI
6108,PEI$B
6109,PEI$C
6110,PEI$D
6111,PEIX
6112,PEJ
6113,PEN
6114,PENN
6115,PEO
6116,PEP
6117,PER
6118,PERI
6119,PESI
6120,PETQ
6121,PETS
6122,PETZ
6123,PEX
6124,PEXL
6125,PEY
6126,PEZ
6127,PFBC
6128,PFBI
6129,PFD
6130,PFE
6131,PFEB
6132,PFF
6133,PFFA
6134,PFFD
6135,PFFL
6136,PFFR
6137,PFG
6138,PFGC
6139,PFHD
6140,PFI
6141,PFIE
6142,PFIG
6143,PFIN
6144,PFIS
6145,PFL
6146,PFLD
6147,PFLT
6148,PFM
6149,PFMT
6150,PFN
6151,PFNX
6152,PFO
6153,PFPT
6154,PFS
6155,PFSI
6156,PFSW
6157,PFXF
6158,PG
6159,PGAL
6160,PGC
6161,PGEN
6162,PGF
6163,PGHY
6164,PGJ
6165,PGM
6166,PGNX
6167,PGNY
6168,PGP
6169,PGR
6170,PGRE
6171,PGTI
6172,PGX
6173,PGZ
6174,PH
6175,PHAS
6176,PHAT
6177,PHB
6178,PHCF
6179,PHD
6180,PHDG
6181,PHG
6182,PHGE
6183,PHGE.U
6184,PHGE.W
6185,PHI
6186,PHIO
6187,PHIOW
6188,PHK
6189,PHM
6190,PHO
6191,PHR
6192,PHT
6193,PHUN
6194,PHUNW
6195,PHX
6196,PHYL
6197,PHYS
6198,PI
6199,PIC
6200,PIC.U
6201,PIC.W
6202,PICB
6203,PICK
6204,PICO
6205,PID
6206,PIE
6207,PIH
6208,PIHPP
6209,PII
6210,PILL
6211,PIM
6212,PIN
6213,PINC
6214,PINE
6215,PING
6216,PINS
6217,PIO
6218,PIPR
6219,PIRS
6220,PIXY
6221,PIZ
6222,PJAN
6223,PJH
6224,PJP
6225,PJT
6226,PJUL
6227,PJUN
6228,PK
6229,PKB
6230,PKBK
6231,PKE
6232,PKG
6233,PKI
6234,PKO
6235,PKOH
6236,PKW
6237,PKX
6238,PLAB
6239,PLAG
6240,PLAN
6241,PLAT
6242,PLAY
6243,PLBC
6244,PLC
6245,PLCE
6246,PLCY
6247,PLD
6248,PLG
6249,PLIN
6250,PLL
6251,PLM
6252,PLMR
6253,PLNT
6254,PLOW
6255,PLPC
6256,PLRX
6257,PLSE
6258,PLT
6259,PLTM
6260,PLUG
6261,PLUS
6262,PLW
6263,PLX
6264,PLXP
6265,PLXS
6266,PLYA
6267,PLYM
6268,PLYM$A
6269,PM
6270,PMAR
6271,PMAY
6272,PMBC
6273,PMD
6274,PME
6275,PMF
6276,PML
6277,PMM
6278,PMO
6279,PMOM
6280,PMT
6281,PMT$A
6282,PMT$B
6283,PMX
6284,PNBK
6285,PNC
6286,PNC$P
6287,PNC$Q
6288,PNF
6289,PNFP
6290,PNFPP
6291,PNI
6292,PNM
6293,PNNT
6294,PNNTG
6295,PNOV
6296,PNQI
6297,PNR
6298,PNRG
6299,PNTG
6300,PNW
6301,POAI
6302,POCT
6303,PODD
6304,POL
6305,POLA
6306,POOL
6307,POR
6308,POST
6309,POTX
6310,POWI
6311,POWL
6312,PPA
6313,PPBI
6314,PPC
6315,PPD
6316,PPDM
6317,PPEM
6318,PPG
6319,PPH
6320,PPHI
6321,PPIH
6322,PPL
6323,PPLC
6324,PPLT
6325,PPMC
6326,PPR
6327,PPSC
6328,PPSI
6329,PPT
6330,PPTY
6331,PPX
6332,PQDI
6333,PQG
6334,PQIN
6335,PQLC
6336,PQSG
6337,PQSV
6338,PRA
6339,PRAA
6340,PRAH
6341,PRCP
6342,PRDO
6343,PRE$F
6344,PRE$G
6345,PRE$H
6346,PRE$I
6347,PREF
6348,PRF
6349,PRFT
6350,PRFZ
6351,PRGO
6352,PRGS
6353,PRGX
6354,PRH
6355,PRI
6356,PRIF$A
6357,PRIF$B
6358,PRIF$C
6359,PRIF$D
6360,PRIF$E
6361,PRIF$F
6362,PRIM
6363,PRK
6364,PRLB
6365,PRMW
6366,PRN
6367,PRNB
6368,PRNT
6369,PRO
6370,PROF
6371,PROS
6372,PROV
6373,PRPH
6374,PRPL
6375,PRPO
6376,PRQR
6377,PRS
6378,PRSC
6379,PRSP
6380,PRT
6381,PRTA
6382,PRTH
6383,PRTK
6384,PRTS
6385,PRTY
6386,PRU
6387,PRVB
6388,PRVL
6389,PS
6390,PSA
6391,PSA$B
6392,PSA$C
6393,PSA$D
6394,PSA$E
6395,PSA$F
6396,PSA$G
6397,PSA$H
6398,PSA$I
6399,PSA$J
6400,PSA$K
6401,PSA$L
6402,PSA$V
6403,PSA$W
6404,PSA$X
6405,PSB
6406,PSB$W
6407,PSB$X
6408,PSB$Y
6409,PSB$Z
6410,PSC
6411,PSCC
6412,PSCD
6413,PSCE
6414,PSCF
6415,PSCH
6416,PSCI
6417,PSCM
6418,PSCT
6419,PSCU
6420,PSEC
6421,PSEP
6422,PSET
6423,PSF
6424,PSHG
6425,PSI
6426,PSJ
6427,PSK
6428,PSL
6429,PSLV
6430,PSM
6431,PSMB
6432,PSMC
6433,PSMG
6434,PSMM
6435,PSMT
6436,PSN
6437,PSNL
6438,PSO
6439,PSP
6440,PSQ
6441,PSR
6442,PST
6443,PSTG
6444,PSTI
6445,PSTL
6446,PSTV
6447,PSV
6448,PSX
6449,PSXP
6450,PT
6451,PTAC
6452,PTACU
6453,PTACW
6454,PTBD
6455,PTC
6456,PTCT
6457,PTE
6458,PTEN
6459,PTEU
6460,PTF
6461,PTGX
6462,PTH
6463,PTI
6464,PTIN
6465,PTLA
6466,PTLC
6467,PTMC
6468,PTMN
6469,PTN
6470,PTNQ
6471,PTNR
6472,PTON
6473,PTR
6474,PTSI
6475,PTVCA
6476,PTVCB
6477,PTY
6478,PUB
6479,PUI
6480,PUK
6481,PUK$
6482,PUK$A
6483,PULM
6484,PULS
6485,PUMP
6486,PUTW
6487,PUYI
6488,PVAC
6489,PVAL
6490,PVBC
6491,PVG
6492,PVH
6493,PVI
6494,PVL
6495,PW
6496,PW$A
6497,PWB
6498,PWC
6499,PWFL
6500,PWOD
6501,PWR
6502,PWS
6503,PWV
6504,PWZ
6505,PXD
6506,PXE
6507,PXF
6508,PXH
6509,PXI
6510,PXJ
6511,PXLW
6512,PXQ
6513,PXS
6514,PY
6515,PYN
6516,PYPE
6517,PYPL
6518,PYS
6519,PYT
6520,PYZ
6521,PZA
6522,PZC
6523,PZD
6524,PZG
6525,PZN
6526,PZT
6527,PZZA
6528,QABA
6529,QADA
6530,QADB
6531,QAI
6532,QARP
6533,QAT
6534,QCLN
6535,QCOM
6536,QCRH
6537,QD
6538,QDEF
6539,QDEL
6540,QDF
6541,QDIV
6542,QDYN
6543,QED
6544,QEFA
6545,QEMM
6546,QEP
6547,QES
6548,QFIN
6549,QGEN
6550,QGRO
6551,QGTA
6552,QID
6553,QINT
6554,QIWI
6555,QK
6556,QLC
6557,QLD
6558,QLGN
6559,QLS
6560,QLTA
6561,QLV
6562,QLVD
6563,QLVE
6564,QLYS
6565,QMCO
6566,QMJ
6567,QMN
6568,QMOM
6569,QNST
6570,QQEW
6571,QQH
6572,QQQ
6573,QQQE
6574,QQQX
6575,QQXT
6576,QRFT
6577,QRHC
6578,QRTEA
6579,QRTEB
6580,QRVO
6581,QSR
6582,QSY
6583,QTEC
6584,QTNT
6585,QTRX
6586,QTS
6587,QTS$A
6588,QTS$B
6589,QTT
6590,QTUM
6591,QTWO
6592,QUAD
6593,QUAL
6594,QUIK
6595,QUMU
6596,QUOT
6597,QURE
6598,QUS
6599,QVAL
6600,QVCC
6601,QVCD
6602,QVM
6603,QWLD
6604,QYLD
6605,R
6606,RA
6607,RAAX
6608,RACE
6609,RAD
6610,RADA
6611,RAFE
6612,RAIL
6613,RALS
6614,RAMP
6615,RAND
6616,RAPT
6617,RARE
6618,RAVE
6619,RAVI
6620,RAVN
6621,RBA
6622,RBB
6623,RBBN
6624,RBC
6625,RBCAA
6626,RBCN
6627,RBIN
6628,RBKB
6629,RBNC
6630,RBS
6631,RBUS
6632,RC
6633,RCA
6634,RCB
6635,RCD
6636,RCEL
6637,RCG
6638,RCI
6639,RCII
6640,RCKT
6641,RCKY
6642,RCL
6643,RCM
6644,RCMT
6645,RCON
6646,RCP
6647,RCS
6648,RCUS
6649,RDCM
6650,RDFN
6651,RDHL
6652,RDI
6653,RDIB
6654,RDIV
6655,RDN
6656,RDNT
6657,RDOG
6658,RDS.A
6659,RDS.B
6660,RDUS
6661,RDVT
6662,RDVY
6663,RDWR
6664,RDY
6665,RE
6666,REAL
6667,RECS
6668,REDU
6669,REED
6670,REET
6671,REFR
6672,REG
6673,REGI
6674,REGL
6675,REGN
6676,REI
6677,REK
6678,REKR
6679,RELL
6680,RELV
6681,RELX
6682,REM
6683,REML
6684,REMX
6685,RENN
6686,REPH
6687,REPL
6688,RES
6689,RESD
6690,RESE
6691,RESI
6692,RESN
6693,RESP
6694,RETA
6695,RETL
6696,RETO
6697,REV
6698,REVG
6699,REVS
6700,REW
6701,REX
6702,REXN
6703,REXR
6704,REXR$A
6705,REXR$B
6706,REXR$C
6707,REYN
6708,REZ
6709,REZI
6710,RF
6711,RF$A
6712,RF$B
6713,RF$C
6714,RFAP
6715,RFCI
6716,RFDA
6717,RFDI
6718,RFEM
6719,RFEU
6720,RFFC
6721,RFG
6722,RFI
6723,RFIL
6724,RFL
6725,RFM
6726,RFP
6727,RFUN
6728,RFV
6729,RGA
6730,RGCO
6731,RGEN
6732,RGI
6733,RGLD
6734,RGLS
6735,RGNX
6736,RGP
6737,RGR
6738,RGS
6739,RGT
6740,RH
6741,RHE
6742,RHE$A
6743,RHI
6744,RHP
6745,RHS
6746,RIBT
6747,RICK
6748,RIF
6749,RIG
6750,RIGL
6751,RIGS
6752,RILY
6753,RILYG
6754,RILYH
6755,RILYI
6756,RILYM
6757,RILYN
6758,RILYO
6759,RILYP
6760,RILYZ
6761,RINF
6762,RING
6763,RIO
6764,RIOT
6765,RISE
6766,RIV
6767,RIVE
6768,RJA
6769,RJF
6770,RJI
6771,RJN
6772,RJZ
6773,RKDA
6774,RL
6775,RLGT
6776,RLGY
6777,RLH
6778,RLI
6779,RLJ
6780,RLJ$A
6781,RLMD
6782,RLY
6783,RM
6784,RMAX
6785,RMBI
6786,RMBL
6787,RMBS
6788,RMCF
6789,RMD
6790,RMED
6791,RMG
6792,RMG.U
6793,RMG.W
6794,RMI
6795,RMM
6796,RMNI
6797,RMPL$
6798,RMR
6799,RMT
6800,RMTI
6801,RNA
6802,RNDB
6803,RNDM
6804,RNDV
6805,RNEM
6806,RNET
6807,RNG
6808,RNGR
6809,RNLC
6810,RNMC
6811,RNP
6812,RNR
6813,RNR$E
6814,RNR$F
6815,RNSC
6816,RNST
6817,RNWK
6818,ROAD
6819,ROAM
6820,ROBO
6821,ROBT
6822,ROCH
6823,ROCHU
6824,ROCHW
6825,ROCK
6826,RODE
6827,RODI
6828,RODM
6829,ROG
6830,ROIC
6831,ROK
6832,ROKT
6833,ROKU
6834,ROL
6835,ROLL
6836,ROM
6837,ROMO
6838,ROOF
6839,ROP
6840,RORE
6841,ROSC
6842,ROSE
6843,ROSEU
6844,ROSEW
6845,ROST
6846,ROUS
6847,ROYT
6848,RP
6849,RPAI
6850,RPAR
6851,RPAY
6852,RPD
6853,RPG
6854,RPLA
6855,RPLA.U
6856,RPLA.W
6857,RPM
6858,RPRX
6859,RPT
6860,RPT$D
6861,RPV
6862,RQI
6863,RRBI
6864,RRC
6865,RRD
6866,RRGB
6867,RRR
6868,RS
6869,RSF
6870,RSG
6871,RSP
6872,RSSS
6873,RST
6874,RSX
6875,RSXJ
6876,RTH
6877,RTIX
6878,RTLR
6879,RTM
6880,RTRX
6881,RTW
6882,RTX
6883,RUBI
6884,RUBY
6885,RUHN
6886,RUN
6887,RUSHA
6888,RUSHB
6889,RUSL
6890,RUTH
6891,RVI
6892,RVLV
6893,RVMD
6894,RVNC
6895,RVNU
6896,RVP
6897,RVRS
6898,RVSB
6899,RVT
6900,RWCD
6901,RWDC
6902,RWDE
6903,RWED
6904,RWGV
6905,RWIU
6906,RWJ
6907,RWK
6908,RWL
6909,RWLK
6910,RWLS
6911,RWM
6912,RWO
6913,RWR
6914,RWSL
6915,RWT
6916,RWUI
6917,RWVG
6918,RWX
6919,RXD
6920,RXI
6921,RXL
6922,RXN
6923,RY
6924,RY$T
6925,RYAAY
6926,RYAM
6927,RYB
6928,RYCE
6929,RYE
6930,RYF
6931,RYH
6932,RYI
6933,RYJ
6934,RYLD
6935,RYN
6936,RYT
6937,RYTM
6938,RYU
6939,RZA
6940,RZB
6941,RZG
6942,RZV
6943,SA
6944,SAA
6945,SABR
6946,SACC
6947,SACH
6948,SAF
6949,SAFE
6950,SAFM
6951,SAFT
6952,SAGE
6953,SAH
6954,SAIA
6955,SAIC
6956,SAIL
6957,SAL
6958,SALM
6959,SALT
6960,SAM
6961,SAMA
6962,SAMAU
6963,SAMAW
6964,SAMG
6965,SAN
6966,SAN$B
6967,SAND
6968,SANM
6969,SANW
6970,SAP
6971,SAQN
6972,SAQNU
6973,SAQNW
6974,SAR
6975,SASR
6976,SATS
6977,SAVA
6978,SAVE
6979,SB
6980,SB$C
6981,SB$D
6982,SBAC
6983,SBB
6984,SBBA
6985,SBBP
6986,SBBX
6987,SBCF
6988,SBE
6989,SBE.U
6990,SBE.W
6991,SBFG
6992,SBGI
6993,SBH
6994,SBI
6995,SBIO
6996,SBLK
6997,SBLKZ
6998,SBM
6999,SBNY
7000,SBOW
7001,SBPH
7002,SBR
7003,SBRA
7004,SBS
7005,SBSI
7006,SBSW
7007,SBT
7008,SBUG
7009,SBUX
7010,SC
7011,SCA
7012,SCC
7013,SCCB
7014,SCCO
7015,SCD
7016,SCE$B
7017,SCE$C
7018,SCE$D
7019,SCE$E
7020,SCE$G
7021,SCE$H
7022,SCE$J
7023,SCE$K
7024,SCE$L
7025,SCHA
7026,SCHB
7027,SCHC
7028,SCHD
7029,SCHE
7030,SCHF
7031,SCHG
7032,SCHH
7033,SCHI
7034,SCHJ
7035,SCHK
7036,SCHL
7037,SCHM
7038,SCHN
7039,SCHO
7040,SCHP
7041,SCHQ
7042,SCHR
7043,SCHV
7044,SCHW
7045,SCHW$C
7046,SCHW$D
7047,SCHX
7048,SCHZ
7049,SCI
7050,SCID
7051,SCIJ
7052,SCIU
7053,SCIX
7054,SCJ
7055,SCKT
7056,SCL
7057,SCM
7058,SCO
7059,SCON
7060,SCOR
7061,SCPE
7062,SCPE.U
7063,SCPE.W
7064,SCPH
7065,SCPL
7066,SCS
7067,SCSC
7068,SCU
7069,SCVL
7070,SCVX
7071,SCVX.U
7072,SCVX.W
7073,SCWX
7074,SCX
7075,SCYX
7076,SCZ
7077,SD
7078,SDAG
7079,SDC
7080,SDCI
7081,SDD
7082,SDEM
7083,SDG
7084,SDGA
7085,SDGR
7086,SDI
7087,SDIV
7088,SDOG
7089,SDOW
7090,SDP
7091,SDPI
7092,SDRL
7093,SDS
7094,SDVY
7095,SDY
7096,SDYL
7097,SE
7098,SEAC
7099,SEAS
7100,SEB
7101,SECO
7102,SECT
7103,SEDG
7104,SEE
7105,SEED
7106,SEEL
7107,SEF
7108,SEIC
7109,SEIX
7110,SELB
7111,SELF
7112,SEM
7113,SENEA
7114,SENEB
7115,SENS
7116,SERV
7117,SESN
7118,SF
7119,SF$A
7120,SF$B
7121,SF$C
7122,SFB
7123,SFBC
7124,SFBS
7125,SFE
7126,SFET
7127,SFHY
7128,SFIG
7129,SFIX
7130,SFL
7131,SFM
7132,SFNC
7133,SFST
7134,SFTW
7135,SFTW.U
7136,SFTW.W
7137,SFUN
7138,SFY
7139,SFYF
7140,SFYX
7141,SG
7142,SGA
7143,SGBX
7144,SGC
7145,SGDJ
7146,SGDM
7147,SGEN
7148,SGG
7149,SGH
7150,SGLB
7151,SGLBW
7152,SGMA
7153,SGMO
7154,SGMS
7155,SGOC
7156,SGOL
7157,SGOV
7158,SGRP
7159,SGRY
7160,SGU
7161,SH
7162,SHAG
7163,SHAK
7164,SHBI
7165,SHE
7166,SHEN
7167,SHG
7168,SHI
7169,SHIP
7170,SHIPW
7171,SHIPZ
7172,SHLL
7173,SHLL.U
7174,SHLL.W
7175,SHLO
7176,SHLX
7177,SHM
7178,SHO
7179,SHO$E
7180,SHO$F
7181,SHOO
7182,SHOP
7183,SHSP
7184,SHV
7185,SHW
7186,SHY
7187,SHYD
7188,SHYF
7189,SHYG
7190,SHYL
7191,SI
7192,SIBN
7193,SIC
7194,SID
7195,SIEB
7196,SIEN
7197,SIF
7198,SIFY
7199,SIG
7200,SIGA
7201,SIGI
7202,SIJ
7203,SIL
7204,SILC
7205,SILJ
7206,SILK
7207,SILV
7208,SIM
7209,SIMO
7210,SIMS
7211,SINA
7212,SINO
7213,SINT
7214,SIRI
7215,SITC
7216,SITC$A
7217,SITC$K
7218,SITE
7219,SITM
7220,SIVB
7221,SIVBP
7222,SIVR
7223,SIX
7224,SIXA
7225,SIXH
7226,SIXL
7227,SIXS
7228,SIZE
7229,SJ
7230,SJB
7231,SJI
7232,SJIJ
7233,SJIU
7234,SJM
7235,SJNK
7236,SJR
7237,SJT
7238,SJW
7239,SKF
7240,SKM
7241,SKOR
7242,SKT
7243,SKX
7244,SKY
7245,SKYS
7246,SKYW
7247,SKYY
7248,SLAB
7249,SLB
7250,SLCA
7251,SLCT
7252,SLDB
7253,SLF
7254,SLG
7255,SLG$I
7256,SLGG
7257,SLGL
7258,SLGN
7259,SLM
7260,SLMBP
7261,SLNO
7262,SLP
7263,SLQD
7264,SLQT
7265,SLRC
7266,SLRX
7267,SLS
7268,SLT
7269,SLV
7270,SLVO
7271,SLVP
7272,SLX
7273,SLY
7274,SLYG
7275,SLYV
7276,SM
7277,SMAR
7278,SMB
7279,SMBC
7280,SMBK
7281,SMCI
7282,SMCP
7283,SMDD
7284,SMDV
7285,SMDY
7286,SMED
7287,SMEZ
7288,SMFG
7289,SMG
7290,SMH
7291,SMHB
7292,SMHI
7293,SMIN
7294,SMIT
7295,SMLF
7296,SMLL
7297,SMLP
7298,SMLV
7299,SMM
7300,SMMC
7301,SMMCU
7302,SMMCW
7303,SMMD
7304,SMMF
7305,SMMT
7306,SMMU
7307,SMMV
7308,SMN
7309,SMOG
7310,SMP
7311,SMPL
7312,SMRT
7313,SMSI
7314,SMTC
7315,SMTS
7316,SMTX
7317,SNA
7318,SNAP
7319,SNBR
7320,SNCA
7321,SNCR
7322,SND
7323,SNDE
7324,SNDL
7325,SNDR
7326,SNDX
7327,SNE
7328,SNES
7329,SNFCA
7330,SNGX
7331,SNGXW
7332,SNLN
7333,SNMP
7334,SNN
7335,SNOA
7336,SNP
7337,SNPE
7338,SNPS
7339,SNR
7340,SNSR
7341,SNSS
7342,SNUG
7343,SNV
7344,SNV$D
7345,SNV$E
7346,SNX
7347,SNY
7348,SO
7349,SOAC.U
7350,SOCL
7351,SOGO
7352,SOHO
7353,SOHOB
7354,SOHON
7355,SOHOO
7356,SOHU
7357,SOI
7358,SOIL
7359,SOJA
7360,SOJB
7361,SOJC
7362,SOJD
7363,SOL
7364,SOLN
7365,SOLO
7366,SOLOW
7367,SOLY
7368,SON
7369,SONA
7370,SONM
7371,SONN
7372,SONO
7373,SOR
7374,SOVB
7375,SOXL
7376,SOXS
7377,SOXX
7378,SOYB
7379,SP
7380,SPAB
7381,SPAQ
7382,SPAQ.U
7383,SPAQ.W
7384,SPB
7385,SPBO
7386,SPCB
7387,SPCE
7388,SPDN
7389,SPDV
7390,SPDW
7391,SPE
7392,SPE$B
7393,SPEM
7394,SPEU
7395,SPFF
7396,SPFI
7397,SPG
7398,SPG$J
7399,SPGI
7400,SPGM
7401,SPGP
7402,SPH
7403,SPHB
7404,SPHD
7405,SPHQ
7406,SPHY
7407,SPI
7408,SPIB
7409,SPIP
7410,SPKE
7411,SPKEP
7412,SPLB
7413,SPLG
7414,SPLK
7415,SPLP
7416,SPLP$A
7417,SPLV
7418,SPMB
7419,SPMD
7420,SPMO
7421,SPMV
7422,SPN
7423,SPNE
7424,SPNS
7425,SPOK
7426,SPOT
7427,SPPI
7428,SPPP
7429,SPR
7430,SPRO
7431,SPRT
7432,SPSB
7433,SPSC
7434,SPSK
7435,SPSM
7436,SPT
7437,SPTI
7438,SPTL
7439,SPTM
7440,SPTN
7441,SPTS
7442,SPUS
7443,SPUU
7444,SPVM
7445,SPVU
7446,SPWH
7447,SPWR
7448,SPXB
7449,SPXC
7450,SPXE
7451,SPXL
7452,SPXN
7453,SPXS
7454,SPXT
7455,SPXU
7456,SPXV
7457,SPXX
7458,SPY
7459,SPYD
7460,SPYG
7461,SPYV
7462,SPYX
7463,SQ
7464,SQBG
7465,SQEW
7466,SQLV
7467,SQM
7468,SQNS
7469,SQQQ
7470,SR
7471,SR$A
7472,SRAC
7473,SRACU
7474,SRACW
7475,SRAX
7476,SRC
7477,SRC$A
7478,SRCE
7479,SRCL
7480,SRDX
7481,SRE
7482,SRE$A
7483,SRE$B
7484,SREA
7485,SRET
7486,SREV
7487,SRG
7488,SRG$A
7489,SRI
7490,SRL
7491,SRLN
7492,SRLP
7493,SRNE
7494,SRPT
7495,SRRA
7496,SRRK
7497,SRS
7498,SRT
7499,SRTS
7500,SRTY
7501,SRV
7502,SRVR
7503,SSB
7504,SSBI
7505,SSD
7506,SSG
7507,SSKN
7508,SSL
7509,SSLY
7510,SSNC
7511,SSNT
7512,SSO
7513,SSP
7514,SSPK
7515,SSPKU
7516,SSPKW
7517,SSPY
7518,SSRM
7519,SSSS
7520,SSTI
7521,SSTK
7522,SSUS
7523,SSY
7524,SSYS
7525,ST
7526,STAA
7527,STAF
7528,STAG
7529,STAG$C
7530,STAR
7531,STAR$D
7532,STAR$G
7533,STAR$I
7534,STAY
7535,STBA
7536,STC
7537,STCN
7538,STE
7539,STFC
7540,STG
7541,STIM
7542,STIP
7543,STK
7544,STKL
7545,STKS
7546,STL
7547,STL$A
7548,STLC
7549,STLD
7550,STLG
7551,STLV
7552,STM
7553,STMB
7554,STMP
7555,STN
7556,STND
7557,STNE
7558,STNG
7559,STOK
7560,STON
7561,STOR
7562,STOT
7563,STPP
7564,STPZ
7565,STRA
7566,STRL
7567,STRM
7568,STRO
7569,STRS
7570,STRT
7571,STSA
7572,STSB
7573,STT
7574,STT$D
7575,STT$G
7576,STWD
7577,STX
7578,STXB
7579,STXS
7580,STZ
7581,STZ.B
7582,SU
7583,SUB
7584,SUI
7585,SUM
7586,SUMR
7587,SUN
7588,SUNS
7589,SUNW
7590,SUP
7591,SUPN
7592,SUPV
7593,SURF
7594,SUSA
7595,SUSB
7596,SUSC
7597,SUSL
7598,SUZ
7599,SVA
7600,SVBI
7601,SVC
7602,SVM
7603,SVMK
7604,SVRA
7605,SVT
7606,SVVC
7607,SVXY
7608,SWAN
7609,SWAV
7610,SWBI
7611,SWCH
7612,SWI
7613,SWIR
7614,SWK
7615,SWKH
7616,SWKS
7617,SWM
7618,SWN
7619,SWT
7620,SWTX
7621,SWX
7622,SWZ
7623,SXC
7624,SXI
7625,SXT
7626,SXTC
7627,SY
7628,SYBT
7629,SYBX
7630,SYE
7631,SYF
7632,SYF$A
7633,SYG
7634,SYK
7635,SYKE
7636,SYLD
7637,SYN
7638,SYNA
7639,SYNC
7640,SYNH
7641,SYNL
7642,SYPR
7643,SYRS
7644,SYV
7645,SYX
7646,SYY
7647,SZC
7648,SZK
7649,SZNE
7650,T
7651,T$A
7652,T$C
7653,TA
7654,TAAG
7655,TAC
7656,TACO
7657,TACOW
7658,TACT
7659,TADS
7660,TAEQ
7661,TAGS
7662,TAIL
7663,TAIT
7664,TAK
7665,TAL
7666,TALO
7667,TALO.W
7668,TAN
7669,TANH
7670,TANNI
7671,TANNL
7672,TANNZ
7673,TAOP
7674,TAP
7675,TAP.A
7676,TAPR
7677,TARA
7678,TARO
7679,TAST
7680,TAT
7681,TATT
7682,TAWK
7683,TAXF
7684,TAYD
7685,TBB
7686,TBBK
7687,TBC
7688,TBF
7689,TBI
7690,TBIO
7691,TBK
7692,TBLT
7693,TBLTW
7694,TBLU
7695,TBND
7696,TBNK
7697,TBPH
7698,TBT
7699,TBX
7700,TC
7701,TCBI
7702,TCBIL
7703,TCBIP
7704,TCBK
7705,TCCO
7706,TCDA
7707,TCF
7708,TCFC
7709,TCFCP
7710,TCI
7711,TCMD
7712,TCO
7713,TCO$J
7714,TCO$K
7715,TCOM
7716,TCON
7717,TCP
7718,TCPC
7719,TCRD
7720,TCRR
7721,TCRW
7722,TCRZ
7723,TCS
7724,TCTL
7725,TCX
7726,TD
7727,TDA
7728,TDAC
7729,TDACU
7730,TDACW
7731,TDC
7732,TDE
7733,TDF
7734,TDG
7735,TDI
7736,TDIV
7737,TDJ
7738,TDOC
7739,TDS
7740,TDTF
7741,TDTT
7742,TDV
7743,TDW
7744,TDW.A
7745,TDW.B
7746,TDW.W
7747,TDY
7748,TEAF
7749,TEAM
7750,TECB
7751,TECD
7752,TECH
7753,TECK
7754,TECL
7755,TECS
7756,TECTP
7757,TEDU
7758,TEF
7759,TEGS
7760,TEI
7761,TEL
7762,TELA
7763,TELL
7764,TEN
7765,TENB
7766,TENX
7767,TEO
7768,TER
7769,TERM
7770,TERP
7771,TESS
7772,TEUM
7773,TEVA
7774,TEX
7775,TFC
7776,TFC$F
7777,TFC$G
7778,TFC$H
7779,TFC$I
7780,TFC$O
7781,TFFP
7782,TFI
7783,TFII
7784,TFIV
7785,TFLO
7786,TFLT
7787,TFSL
7788,TFX
7789,TG
7790,TGA
7791,TGB
7792,TGC
7793,TGEN
7794,TGH
7795,TGI
7796,TGLS
7797,TGNA
7798,TGP
7799,TGP$A
7800,TGP$B
7801,TGS
7802,TGT
7803,TGTX
7804,TH
7805,THBR
7806,THBRU
7807,THBRW
7808,THC
7809,THCA
7810,THCAU
7811,THCAW
7812,THCB
7813,THCBU
7814,THCBW
7815,THCX
7816,THD
7817,THFF
7818,THG
7819,THGA
7820,THM
7821,THMO
7822,THNQ
7823,THO
7824,THQ
7825,THR
7826,THRM
7827,THS
7828,THTX
7829,THW
7830,THWWW
7831,TIF
7832,TIGO
7833,TIGR
7834,TILE
7835,TILT
7836,TIP
7837,TIPT
7838,TIPX
7839,TIPZ
7840,TISI
7841,TITN
7842,TJX
7843,TK
7844,TKAT
7845,TKC
7846,TKR
7847,TLC
7848,TLDH
7849,TLEH
7850,TLF
7851,TLGT
7852,TLH
7853,TLI
7854,TLK
7855,TLND
7856,TLRD
7857,TLRY
7858,TLSA
7859,TLT
7860,TLTD
7861,TLTE
7862,TLYS
7863,TM
7864,TMBR
7865,TMDI
7866,TMDV
7867,TMDX
7868,TME
7869,TMF
7870,TMFC
7871,TMHC
7872,TMO
7873,TMP
7874,TMQ
7875,TMST
7876,TMUS
7877,TMV
7878,TNA
7879,TNAV
7880,TNC
7881,TNDM
7882,TNET
7883,TNK
7884,TNP
7885,TNP$C
7886,TNP$D
7887,TNP$E
7888,TNP$F
7889,TNXP
7890,TOK
7891,TOKE
7892,TOL
7893,TOLZ
7894,TOPS
7895,TORC
7896,TOT
7897,TOTA
7898,TOTAR
7899,TOTAU
7900,TOTAW
7901,TOTL
7902,TOUR
7903,TOWN
7904,TPAY
7905,TPB
7906,TPC
7907,TPCO
7908,TPH
7909,TPHD
7910,TPHS
7911,TPIC
7912,TPIF
7913,TPL
7914,TPLC
7915,TPOR
7916,TPR
7917,TPRE
7918,TPSC
7919,TPTX
7920,TPVG
7921,TPVY
7922,TPX
7923,TPYP
7924,TPZ
7925,TQQQ
7926,TR
7927,TRC
7928,TRCH
7929,TREB.U
7930,TREC
7931,TREE
7932,TREX
7933,TRGP
7934,TRHC
7935,TRI
7936,TRIB
7937,TRIL
7938,TRIP
7939,TRMB
7940,TRMD
7941,TRMK
7942,TRMT
7943,TRN
7944,TRND
7945,TRNE
7946,TRNE.U
7947,TRNE.W
7948,TRNO
7949,TRNS
7950,TROW
7951,TROX
7952,TRP
7953,TRPX
7954,TRQ
7955,TRS
7956,TRST
7957,TRT
7958,TRTN
7959,TRTN$A
7960,TRTN$B
7961,TRTN$C
7962,TRTN$D
7963,TRTX
7964,TRTY
7965,TRU
7966,TRUE
7967,TRUP
7968,TRV
7969,TRVG
7970,TRVI
7971,TRVN
7972,TRWH
7973,TRX
7974,TRXC
7975,TS
7976,TSBK
7977,TSC
7978,TSCAP
7979,TSCBP
7980,TSCO
7981,TSE
7982,TSEM
7983,TSI
7984,TSLA
7985,TSLX
7986,TSM
7987,TSN
7988,TSQ
7989,TSRI
7990,TSU
7991,TT
7992,TTAC
7993,TTAI
7994,TTC
7995,TTD
7996,TTEC
7997,TTEK
7998,TTGT
7999,TTI
8000,TTM
8001,TTMI
8002,TTNP
8003,TTOO
8004,TTP
8005,TTPH
8006,TTT
8007,TTTN
8008,TTWO
8009,TU
8010,TUFN
8011,TUP
8012,TUR
8013,TURN
8014,TUSA
8015,TUSK
8016,TV
8017,TVC
8018,TVE
8019,TVIX
8020,TVTY
8021,TW
8022,TWI
8023,TWIN
8024,TWLO
8025,TWM
8026,TWMC
8027,TWN
8028,TWNK
8029,TWNKW
8030,TWO
8031,TWO$A
8032,TWO$B
8033,TWO$C
8034,TWO$D
8035,TWO$E
8036,TWOU
8037,TWST
8038,TWTR
8039,TX
8040,TXG
8041,TXMD
8042,TXN
8043,TXRH
8044,TXT
8045,TY
8046,TY$
8047,TYBS
8048,TYD
8049,TYG
8050,TYHT
8051,TYL
8052,TYME
8053,TYO
8054,TZA
8055,TZAC
8056,TZACU
8057,TZACW
8058,TZOO
8059,UA
8060,UAA
8061,UAE
8062,UAG
8063,UAL
8064,UAMY
8065,UAN
8066,UAPR
8067,UAUD
8068,UAUG
8069,UAVS
8070,UBA
8071,UBCP
8072,UBER
8073,UBFO
8074,UBG
8075,UBOH
8076,UBOT
8077,UBP
8078,UBP$H
8079,UBP$K
8080,UBR
8081,UBS
8082,UBSI
8083,UBT
8084,UBX
8085,UCBI
8086,UCBIO
8087,UCC
8088,UCHF
8089,UCI
8090,UCIB
8091,UCL
8092,UCO
8093,UCON
8094,UCTT
8095,UDEC
8096,UDN
8097,UDOW
8098,UDR
8099,UE
8100,UEC
8101,UEIC
8102,UEPS
8103,UEUR
8104,UEVM
8105,UFAB
8106,UFCS
8107,UFEB
8108,UFI
8109,UFO
8110,UFPI
8111,UFPT
8112,UFS
8113,UG
8114,UGA
8115,UGAZ
8116,UGBP
8117,UGE
8118,UGI
8119,UGL
8120,UGLD
8121,UGP
8122,UHAL
8123,UHS
8124,UHT
8125,UI
8126,UIHC
8127,UIS
8128,UITB
8129,UIVM
8130,UJAN
8131,UJB
8132,UJPY
8133,UJUL
8134,UJUN
8135,UL
8136,ULBI
8137,ULE
8138,ULH
8139,ULST
8140,ULTA
8141,ULTR
8142,ULVM
8143,UMAR
8144,UMAY
8145,UMBF
8146,UMC
8147,UMDD
8148,UMH
8149,UMH$B
8150,UMH$C
8151,UMH$D
8152,UMPQ
8153,UMRX
8154,UN
8155,UNAM
8156,UNB
8157,UNF
8158,UNFI
8159,UNG
8160,UNH
8161,UNIT
8162,UNL
8163,UNM
8164,UNMA
8165,UNOV
8166,UNP
8167,UNTY
8168,UNVR
8169,UOCT
8170,UONE
8171,UONEK
8172,UPLD
8173,UPRO
8174,UPS
8175,UPV
8176,UPW
8177,UPWK
8178,URA
8179,URBN
8180,URE
8181,URG
8182,URGN
8183,URI
8184,URNM
8185,UROV
8186,URTH
8187,URTY
8188,USA
8189,USAC
8190,USAI
8191,USAK
8192,USAP
8193,USAS
8194,USAU
8195,USB
8196,USB$A
8197,USB$H
8198,USB$M
8199,USB$O
8200,USB$P
8201,USCI
8202,USCR
8203,USD
8204,USDP
8205,USDU
8206,USDY
8207,USEG
8208,USEP
8209,USEQ
8210,USFD
8211,USFR
8212,USHG
8213,USHY
8214,USI
8215,USIG
8216,USIO
8217,USL
8218,USLB
8219,USLM
8220,USLV
8221,USM
8222,USMC
8223,USMF
8224,USMV
8225,USNA
8226,USO
8227,USOI
8228,USPH
8229,USRT
8230,USSG
8231,UST
8232,USTB
8233,USV
8234,USVM
8235,USWS
8236,USWSW
8237,USX
8238,USXF
8239,UTES
8240,UTF
8241,UTG
8242,UTHR
8243,UTI
8244,UTL
8245,UTMD
8246,UTRN
8247,UTSI
8248,UTSL
8249,UUP
8250,UUU
8251,UUUU
8252,UUUU.W
8253,UVE
8254,UVSP
8255,UVV
8256,UVXY
8257,UWM
8258,UXI
8259,UXIN
8260,UYG
8261,UYM
8262,UZA
8263,UZB
8264,UZC
8265,V
8266,VAC
8267,VAL
8268,VALE
8269,VALQ
8270,VALT
8271,VALU
8272,VAMO
8273,VAPO
8274,VAR
8275,VAW
8276,VB
8277,VBF
8278,VBFC
8279,VBIV
8280,VBK
8281,VBLT
8282,VBND
8283,VBR
8284,VBTX
8285,VC
8286,VCEL
8287,VCF
8288,VCIF
8289,VCIT
8290,VCLT
8291,VCNX
8292,VCR
8293,VCRA
8294,VCSH
8295,VCTR
8296,VCV
8297,VCYT
8298,VDC
8299,VDE
8300,VEA
8301,VEC
8302,VECO
8303,VEDL
8304,VEEV
8305,VEGA
8306,VEGI
8307,VEGN
8308,VEL
8309,VEON
8310,VER
8311,VER$F
8312,VERB
8313,VERBW
8314,VERI
8315,VERO
8316,VERT.U
8317,VERU
8318,VERY
8319,VET
8320,VETS
8321,VEU
8322,VFC
8323,VFF
8324,VFH
8325,VFL
8326,VFLQ
8327,VFMF
8328,VFMO
8329,VFMV
8330,VFQY
8331,VFVA
8332,VG
8333,VGFO
8334,VGI
8335,VGIT
8336,VGK
8337,VGLT
8338,VGM
8339,VGR
8340,VGSH
8341,VGT
8342,VGZ
8343,VHC
8344,VHI
8345,VHT
8346,VIAC
8347,VIACA
8348,VIAV
8349,VICI
8350,VICR
8351,VIDI
8352,VIE
8353,VIG
8354,VIGI
8355,VIIX
8356,VIOG
8357,VIOO
8358,VIOT
8359,VIOV
8360,VIPS
8361,VIR
8362,VIRC
8363,VIRT
8364,VIS
8365,VISL
8366,VIST
8367,VIV
8368,VIVE
8369,VIVO
8370,VIXM
8371,VIXY
8372,VJET
8373,VKI
8374,VKQ
8375,VKTX
8376,VKTXW
8377,VLGEA
8378,VLO
8379,VLRS
8380,VLT
8381,VLU
8382,VLUE
8383,VLY
8384,VLYPO
8385,VLYPP
8386,VMBS
8387,VMC
8388,VMD
8389,VMI
8390,VMM
8391,VMO
8392,VMOT
8393,VMW
8394,VNCE
8395,VNDA
8396,VNE
8397,VNET
8398,VNLA
8399,VNM
8400,VNO
8401,VNO$K
8402,VNO$L
8403,VNO$M
8404,VNOM
8405,VNQ
8406,VNQI
8407,VNRX
8408,VNTR
8409,VO
8410,VOC
8411,VOD
8412,VOE
8413,VOLT
8414,VONE
8415,VONG
8416,VONV
8417,VOO
8418,VOOG
8419,VOOV
8420,VOT
8421,VOX
8422,VOXX
8423,VOYA
8424,VOYA$B
8425,VPC
8426,VPG
8427,VPL
8428,VPU
8429,VPV
8430,VQT
8431,VRA
8432,VRAI
8433,VRAY
8434,VRCA
8435,VREX
8436,VRIG
8437,VRM
8438,VRME
8439,VRMEW
8440,VRNA
8441,VRNS
8442,VRNT
8443,VRP
8444,VRRM
8445,VRS
8446,VRSK
8447,VRSN
8448,VRT
8449,VRT.W
8450,VRTS
8451,VRTU
8452,VRTV
8453,VRTX
8454,VSAT
8455,VSDA
8456,VSEC
8457,VSGX
8458,VSH
8459,VSL
8460,VSLR
8461,VSMV
8462,VSS
8463,VST
8464,VST.A
8465,VSTM
8466,VSTO
8467,VT
8468,VTA
8469,VTC
8470,VTEB
8471,VTGN
8472,VTHR
8473,VTI
8474,VTIP
8475,VTN
8476,VTNR
8477,VTOL
8478,VTR
8479,VTSI
8480,VTV
8481,VTVT
8482,VTWG
8483,VTWO
8484,VTWV
8485,VUG
8486,VUSE
8487,VUZI
8488,VV
8489,VVI
8490,VVNT
8491,VVNT.W
8492,VVPR
8493,VVR
8494,VVUS
8495,VVV
8496,VWO
8497,VWOB
8498,VXF
8499,VXRT
8500,VXUS
8501,VXX
8502,VXZ
8503,VYGR
8504,VYM
8505,VYMI
8506,VZ
8507,W
8508,WAB
8509,WABC
8510,WAFD
8511,WAFU
8512,WAL
8513,WALA
8514,WANT
8515,WASH
8516,WAT
8517,WATT
8518,WB
8519,WBA
8520,WBAI
8521,WBIE
8522,WBIF
8523,WBIG
8524,WBII
8525,WBIL
8526,WBIN
8527,WBIT
8528,WBIY
8529,WBK
8530,WBND
8531,WBS
8532,WBS$F
8533,WBT
8534,WCC
8535,WCLD
8536,WCN
8537,WD
8538,WDAY
8539,WDC
8540,WDFC
8541,WDIV
8542,WDR
8543,WEA
8544,WEAT
8545,WEBL
8546,WEBS
8547,WEC
8548,WEI
8549,WELL
8550,WEN
8551,WERN
8552,WES
8553,WETF
8554,WEX
8555,WEYS
8556,WF
8557,WFC
8558,WFC$L
8559,WFC$N
8560,WFC$O
8561,WFC$P
8562,WFC$Q
8563,WFC$R
8564,WFC$T
8565,WFC$V
8566,WFC$W
8567,WFC$X
8568,WFC$Y
8569,WFC$Z
8570,WFHY
8571,WFIG
8572,WGO
8573,WH
8574,WHD
8575,WHF
8576,WHFBZ
8577,WHG
8578,WHLM
8579,WHLR
8580,WHLRD
8581,WHLRP
8582,WHR
8583,WIA
8584,WIFI
8585,WIL
8586,WILC
8587,WIMI
8588,WINA
8589,WINC
8590,WING
8591,WINS
8592,WINT
8593,WIP
8594,WIRE
8595,WISA
8596,WIT
8597,WIW
8598,WIX
8599,WIZ
8600,WK
8601,WKEY
8602,WKHS
8603,WLDN
8604,WLDR
8605,WLFC
8606,WLK
8607,WLKP
8608,WLL
8609,WLTW
8610,WM
8611,WMB
8612,WMC
8613,WMG
8614,WMGI
8615,WMK
8616,WMS
8617,WMT
8618,WNC
8619,WNEB
8620,WNS
8621,WOMN
8622,WOOD
8623,WOR
8624,WORK
8625,WORX
8626,WOW
8627,WPC
8628,WPF.U
8629,WPG
8630,WPG$H
8631,WPG$I
8632,WPM
8633,WPP
8634,WPRT
8635,WPS
8636,WPX
8637,WRB
8638,WRB$B
8639,WRB$C
8640,WRB$D
8641,WRB$E
8642,WRB$F
8643,WRE
8644,WRI
8645,WRK
8646,WRLD
8647,WRN
8648,WRTC
8649,WSBC
8650,WSBF
8651,WSC
8652,WSFS
8653,WSG
8654,WSM
8655,WSO
8656,WSO.B
8657,WSR
8658,WST
8659,WSTG
8660,WSTL
8661,WTBA
8662,WTER
8663,WTFC
8664,WTFCM
8665,WTFCP
8666,WTI
8667,WTM
8668,WTMF
8669,WTRE
8670,WTREP
8671,WTRG
8672,WTRH
8673,WTRU
8674,WTS
8675,WTT
8676,WTTR
8677,WU
8678,WUBA
8679,WUGI
8680,WVE
8681,WVFC
8682,WVVI
8683,WVVIP
8684,WW
8685,WWD
8686,WWE
8687,WWJD
8688,WWR
8689,WWW
8690,WY
8691,WYND
8692,WYNN
8693,WYY
8694,X
8695,XAIR
8696,XAN
8697,XAN$C
8698,XAR
8699,XBI
8700,XBIO
8701,XBIOW
8702,XBIT
8703,XBUY
8704,XCEM
8705,XCOM
8706,XCUR
8707,XDIV
8708,XEC
8709,XEL
8710,XELA
8711,XELB
8712,XENE
8713,XENT
8714,XERS
8715,XES
8716,XFLT
8717,XFOR
8718,XGN
8719,XHB
8720,XHE
8721,XHR
8722,XHS
8723,XIN
8724,XITK
8725,XLB
8726,XLC
8727,XLE
8728,XLF
8729,XLG
8730,XLI
8731,XLK
8732,XLNX
8733,XLP
8734,XLRE
8735,XLRN
8736,XLSR
8737,XLU
8738,XLV
8739,XLY
8740,XME
8741,XMHQ
8742,XMLV
8743,XMMO
8744,XMPT
8745,XMVM
8746,XNCR
8747,XNET
8748,XNTK
8749,XOG
8750,XOM
8751,XOMA
8752,XONE
8753,XOP
8754,XOUT
8755,XP
8756,XPEL
8757,XPER
8758,XPH
8759,XPL
8760,XPO
8761,XPP
8762,XRAY
8763,XRF
8764,XRLV
8765,XRT
8766,XRX
8767,XSD
8768,XSHD
8769,XSHQ
8770,XSLV
8771,XSMO
8772,XSOE
8773,XSPA
8774,XSVM
8775,XSW
8776,XT
8777,XTL
8778,XTLB
8779,XTN
8780,XTNT
8781,XVZ
8782,XWEB
8783,XXII
8784,XYF
8785,XYL
8786,Y
8787,YANG
8788,YCBD
8789,YCBD$A
8790,YCL
8791,YCOM
8792,YCS
8793,YELP
8794,YETI
8795,YEXT
8796,YGRN
8797,YGYI
8798,YGYIP
8799,YI
8800,YIN
8801,YINN
8802,YJ
8803,YLCO
8804,YLD
8805,YLDE
8806,YMAB
8807,YNDX
8808,YOLO
8809,YORW
8810,YPF
8811,YRCW
8812,YRD
8813,YTEN
8814,YTRA
8815,YUM
8816,YUMC
8817,YVR
8818,YXI
8819,YY
8820,YYY
8821,Z
8822,ZAGG
8823,ZAZZT
8824,ZBH
8825,ZBRA
8826,ZBZX
8827,ZBZZT
8828,ZCAN
8829,ZCMD
8830,ZCZZT
8831,ZDEU
8832,ZDGE
8833,ZEAL
8834,ZEN
8835,ZEUS
8836,ZEXIT
8837,ZG
8838,ZGBR
8839,ZGNX
8840,ZGYH
8841,ZGYHR
8842,ZGYHU
8843,ZGYHW
8844,ZHOK
8845,ZI
8846,ZIEXT
8847,ZIG
8848,ZION
8849,ZIONL
8850,ZIONN
8851,ZIONO
8852,ZIONP
8853,ZIOP
8854,ZIV
8855,ZIXI
8856,ZJPN
8857,ZJZZT
8858,ZKIN
8859,ZLAB
8860,ZM
8861,ZMLP
8862,ZN
8863,ZNGA
8864,ZNH
8865,ZNTL
8866,ZNWAA
8867,ZOM
8868,ZROZ
8869,ZS
8870,ZSAN
8871,ZSL
8872,ZTEST
8873,ZTO
8874,ZTR
8875,ZTS
8876,ZUMZ
8877,ZUO
8878,ZVO
8879,ZVV
8880,ZVZZC
8881,ZVZZT
8882,ZWZZT
8883,ZXIET
8884,ZXYZ.A
8885,ZXZZT
8886,ZYME
8887,ZYNE
8888,ZYXI
8889,
